[20Jul2025 19:23:50.285] [main/INFO] [cpw.mods.modlauncher.Launcher/MODLAUNCHER]: ModLauncher running: args [--launchTarget, neoforgeclientdev, --version, 21.4.137, --assetIndex, 19, --assetsDir, C:\\Users\\peiranyu\\.mcreator\\gradle\\caches\\neoformruntime\\assets, --gameDir, ., --fml.fmlVersion, 6.0.11, --fml.mcVersion, 1.21.4, --fml.neoForgeVersion, 21.4.137, --fml.neoFormVersion, 20241203.161809]
[20Jul2025 19:23:50.292] [main/INFO] [cpw.mods.modlauncher.Launcher/MODLAUNCHER]: JVM identified as Eclipse Adoptium OpenJDK 64-Bit Server VM 21.0.7+6-LTS
[20Jul2025 19:23:50.295] [main/INFO] [cpw.mods.modlauncher.Launcher/MODLAUNCHER]: ModLauncher 11.0.4+main.d2e20e43 starting: java version 21.0.7 by Eclipse Adoptium; OS Windows 11 arch amd64 version 10.0
[20Jul2025 19:23:50.341] [main/DEBUG] [cpw.mods.modlauncher.LaunchServiceHandler/MODLAUNCHER]: Found launch services [minecraft,neoforgeclientdatadev,neoforgeserver,testharness,neoforgejunitdev,neoforgegametestserverdev,neoforgeclient,neoforgeserverdev,neoforgeclientdev,neoforgeserverdatadev]
[20Jul2025 19:23:50.368] [main/DEBUG] [cpw.mods.modlauncher.LaunchPluginHandler/MODLAUNCHER]: Found launch plugins: [mixin,slf4jfixer,runtime_enum_extender,accesstransformer,runtimedistcleaner]
[20Jul2025 19:23:50.375] [main/DEBUG] [cpw.mods.modlauncher.TransformationServicesHandler/MODLAUNCHER]: Discovering transformation services
[20Jul2025 19:23:50.379] [main/DEBUG] [net.neoforged.fml.loading.FMLPaths/CORE]: Path GAMEDIR is E:\MCreator\Workspaces\mcrshorts\run
[20Jul2025 19:23:50.380] [main/DEBUG] [net.neoforged.fml.loading.FMLPaths/CORE]: Path MODSDIR is E:\MCreator\Workspaces\mcrshorts\run\mods
[20Jul2025 19:23:50.380] [main/DEBUG] [net.neoforged.fml.loading.FMLPaths/CORE]: Path CONFIGDIR is E:\MCreator\Workspaces\mcrshorts\run\config
[20Jul2025 19:23:50.380] [main/DEBUG] [net.neoforged.fml.loading.FMLPaths/CORE]: Path FMLCONFIG is E:\MCreator\Workspaces\mcrshorts\run\config\fml.toml
[20Jul2025 19:23:50.421] [main/DEBUG] [net.neoforged.fml.loading.targets.CommonLaunchHandler/CORE]: Got mod coordinates mcreator%%E:\MCreator\Workspaces\mcrshorts\build\classes\java\main;mcreator%%E:\MCreator\Workspaces\mcrshorts\build\resources\main from env
[20Jul2025 19:23:50.426] [main/DEBUG] [net.neoforged.fml.loading.targets.CommonLaunchHandler/CORE]: Found supplied mod coordinates [{mcreator=[E:\MCreator\Workspaces\mcrshorts\build\classes\java\main, E:\MCreator\Workspaces\mcrshorts\build\resources\main]}]
[20Jul2025 19:23:50.429] [main/DEBUG] [cpw.mods.modlauncher.TransformationServicesHandler/MODLAUNCHER]: Found additional transformation services from discovery services: 
[20Jul2025 19:23:50.441] [main/INFO] [net.neoforged.fml.loading.ImmediateWindowHandler/]: Loading ImmediateWindowProvider fmlearlywindow
[20Jul2025 19:23:50.540] [main/INFO] [EARLYDISPLAY/]: Trying GL version 4.6
[20Jul2025 19:23:50.657] [main/INFO] [EARLYDISPLAY/]: Requested GL version 4.6 got version 4.6
[20Jul2025 19:23:50.700] [main/DEBUG] [cpw.mods.modlauncher.TransformationServicesHandler/MODLAUNCHER]: Found transformer services : [mixin,fml]
[20Jul2025 19:23:50.700] [main/DEBUG] [cpw.mods.modlauncher.TransformationServicesHandler/MODLAUNCHER]: Transformation services loading
[20Jul2025 19:23:50.701] [main/DEBUG] [cpw.mods.modlauncher.TransformationServiceDecorator/MODLAUNCHER]: Loading service mixin
[20Jul2025 19:23:50.701] [main/DEBUG] [cpw.mods.modlauncher.TransformationServiceDecorator/MODLAUNCHER]: Loaded service mixin
[20Jul2025 19:23:50.701] [main/DEBUG] [cpw.mods.modlauncher.TransformationServiceDecorator/MODLAUNCHER]: Loading service fml
[20Jul2025 19:23:50.701] [main/DEBUG] [net.neoforged.fml.loading.FMLLoader/CORE]: FML 6.0.11 loading
[20Jul2025 19:23:50.701] [main/DEBUG] [net.neoforged.fml.loading.FMLLoader/CORE]: FML found ModLauncher version : 11.0.4+main.d2e20e43
[20Jul2025 19:23:50.702] [main/DEBUG] [net.neoforged.fml.loading.FMLLoader/CORE]: FML found AccessTransformer version : 11.0.1+8274f92c
[20Jul2025 19:23:50.702] [main/DEBUG] [net.neoforged.fml.loading.FMLLoader/CORE]: FML found EventBus version : null
[20Jul2025 19:23:50.703] [main/DEBUG] [net.neoforged.fml.loading.FMLLoader/CORE]: Found Runtime Dist Cleaner
[20Jul2025 19:23:50.703] [main/DEBUG] [cpw.mods.modlauncher.TransformationServiceDecorator/MODLAUNCHER]: Loaded service fml
[20Jul2025 19:23:50.703] [main/DEBUG] [cpw.mods.modlauncher.TransformationServicesHandler/MODLAUNCHER]: Configuring option handling for services
[20Jul2025 19:23:50.712] [main/DEBUG] [net.neoforged.fml.loading.FMLServiceProvider/CORE]: Received command line version data  : VersionInfo[neoForgeVersion=21.4.137, fmlVersion=6.0.11, mcVersion=1.21.4, neoFormVersion=20241203.161809]
[20Jul2025 19:23:50.713] [main/DEBUG] [cpw.mods.modlauncher.TransformationServicesHandler/MODLAUNCHER]: Transformation services initializing
[20Jul2025 19:23:50.713] [main/DEBUG] [cpw.mods.modlauncher.TransformationServiceDecorator/MODLAUNCHER]: Initializing transformation service mixin
[20Jul2025 19:23:50.722] [main/DEBUG] [mixin/]: MixinService [ModLauncher] was successfully booted in cpw.mods.cl.ModuleClassLoader@1dac5ef
[20Jul2025 19:23:50.739] [main/INFO] [mixin/]: SpongePowered MIXIN Subsystem Version=0.8.7 Source=union:/C:/Users/peiranyu/.mcreator/gradle/caches/modules-2/files-2.1/net.fabricmc/sponge-mixin/0.15.2+mixin.0.8.7/2af2f021d8e02a0220dc27a7a72b4666d66d44ca/sponge-mixin-0.15.2+mixin.0.8.7.jar%23162!/ Service=ModLauncher Env=CLIENT
[20Jul2025 19:23:50.741] [main/DEBUG] [mixin/]: Initialising Mixin Platform Manager
[20Jul2025 19:23:50.742] [main/DEBUG] [mixin/]: Adding mixin platform agents for container ModLauncher Root Container(ModLauncher:4f56a0a2)
[20Jul2025 19:23:50.742] [main/DEBUG] [mixin/]: Instancing new MixinPlatformAgentMinecraftForge for ModLauncher Root Container(ModLauncher:4f56a0a2)
[20Jul2025 19:23:50.743] [main/DEBUG] [mixin/]: MixinPlatformAgentMinecraftForge rejected container ModLauncher Root Container(ModLauncher:4f56a0a2)
[20Jul2025 19:23:50.743] [main/DEBUG] [mixin/]: Instancing new MixinPlatformAgentDefault for ModLauncher Root Container(ModLauncher:4f56a0a2)
[20Jul2025 19:23:50.743] [main/DEBUG] [mixin/]: MixinPlatformAgentDefault accepted container ModLauncher Root Container(ModLauncher:4f56a0a2)
[20Jul2025 19:23:50.744] [main/DEBUG] [cpw.mods.modlauncher.TransformationServiceDecorator/MODLAUNCHER]: Initialized transformation service mixin
[20Jul2025 19:23:50.744] [main/DEBUG] [cpw.mods.modlauncher.TransformationServiceDecorator/MODLAUNCHER]: Initializing transformation service fml
[20Jul2025 19:23:50.744] [main/DEBUG] [net.neoforged.fml.loading.FMLServiceProvider/CORE]: Setting up basic FML game directories
[20Jul2025 19:23:50.744] [main/DEBUG] [net.neoforged.fml.loading.FMLPaths/CORE]: Path GAMEDIR is E:\MCreator\Workspaces\mcrshorts\run
[20Jul2025 19:23:50.744] [main/DEBUG] [net.neoforged.fml.loading.FMLPaths/CORE]: Path MODSDIR is E:\MCreator\Workspaces\mcrshorts\run\mods
[20Jul2025 19:23:50.745] [main/DEBUG] [net.neoforged.fml.loading.FMLPaths/CORE]: Path CONFIGDIR is E:\MCreator\Workspaces\mcrshorts\run\config
[20Jul2025 19:23:50.745] [main/DEBUG] [net.neoforged.fml.loading.FMLPaths/CORE]: Path FMLCONFIG is E:\MCreator\Workspaces\mcrshorts\run\config\fml.toml
[20Jul2025 19:23:50.745] [main/DEBUG] [net.neoforged.fml.loading.FMLServiceProvider/CORE]: Loading configuration
[20Jul2025 19:23:50.746] [main/DEBUG] [net.neoforged.fml.loading.FMLServiceProvider/CORE]: Preparing launch handler
[20Jul2025 19:23:50.746] [main/DEBUG] [net.neoforged.fml.loading.FMLLoader/CORE]: Using neoforgeclientdev as launch service
[20Jul2025 19:23:50.811] [main/DEBUG] [cpw.mods.modlauncher.TransformationServiceDecorator/MODLAUNCHER]: Initialized transformation service fml
[20Jul2025 19:23:50.812] [main/DEBUG] [cpw.mods.modlauncher.TransformationServicesHandler/MODLAUNCHER]: Transformation services begin scanning
[20Jul2025 19:23:50.814] [main/DEBUG] [cpw.mods.modlauncher.TransformationServiceDecorator/MODLAUNCHER]: Beginning scan trigger - transformation service mixin
[20Jul2025 19:23:50.814] [main/DEBUG] [cpw.mods.modlauncher.TransformationServiceDecorator/MODLAUNCHER]: End scan trigger - transformation service mixin
[20Jul2025 19:23:50.816] [main/DEBUG] [cpw.mods.modlauncher.TransformationServiceDecorator/MODLAUNCHER]: Beginning scan trigger - transformation service fml
[20Jul2025 19:23:50.817] [main/DEBUG] [net.neoforged.fml.loading.FMLServiceProvider/CORE]: Initiating mod scan
[20Jul2025 19:23:50.818] [main/DEBUG] [net.neoforged.fml.loading.targets.CommonLaunchHandler/CORE]: Got mod coordinates mcreator%%E:\MCreator\Workspaces\mcrshorts\build\classes\java\main;mcreator%%E:\MCreator\Workspaces\mcrshorts\build\resources\main from env
[20Jul2025 19:23:50.818] [main/DEBUG] [net.neoforged.fml.loading.targets.CommonLaunchHandler/CORE]: Found supplied mod coordinates [{mcreator=[E:\MCreator\Workspaces\mcrshorts\build\classes\java\main, E:\MCreator\Workspaces\mcrshorts\build\resources\main]}]
[20Jul2025 19:23:50.821] [main/DEBUG] [net.neoforged.fml.loading.targets.NeoForgeDevLaunchHandler/]: Launching with NeoForge from E:\MCreator\Workspaces\mcrshorts\build\moddev\artifacts\neoforge-21.4.137.jar
[20Jul2025 19:23:50.829] [main/DEBUG] [net.neoforged.fml.util.ServiceLoaderUtil/CORE]: Found 4 implementations of IModFileCandidateLocator:
[20Jul2025 19:23:50.830] [main/DEBUG] [net.neoforged.fml.util.ServiceLoaderUtil/CORE]: 	       0 - [built-in] net.neoforged.fml.loading.moddiscovery.locators.NeoForgeDevProvider from loader-6.0.11.jar
[20Jul2025 19:23:50.830] [main/DEBUG] [net.neoforged.fml.util.ServiceLoaderUtil/CORE]: 	       0 - net.neoforged.fml.loading.moddiscovery.locators.ModsFolderLocator from loader-6.0.11.jar
[20Jul2025 19:23:50.830] [main/DEBUG] [net.neoforged.fml.util.ServiceLoaderUtil/CORE]: 	       0 - net.neoforged.fml.loading.moddiscovery.locators.MavenDirectoryLocator from loader-6.0.11.jar
[20Jul2025 19:23:50.830] [main/DEBUG] [net.neoforged.fml.util.ServiceLoaderUtil/CORE]: 	   -1000 - [built-in] net.neoforged.fml.loading.moddiscovery.locators.UserdevLocator from loader-6.0.11.jar
[20Jul2025 19:23:50.831] [main/DEBUG] [net.neoforged.fml.util.ServiceLoaderUtil/CORE]: Found 2 implementations of IModFileReader:
[20Jul2025 19:23:50.831] [main/DEBUG] [net.neoforged.fml.util.ServiceLoaderUtil/CORE]: 	       0 - net.neoforged.fml.loading.moddiscovery.readers.JarModsDotTomlModFileReader from loader-6.0.11.jar
[20Jul2025 19:23:50.831] [main/DEBUG] [net.neoforged.fml.util.ServiceLoaderUtil/CORE]: 	   -1000 - net.neoforged.fml.loading.moddiscovery.readers.NestedLibraryModReader from loader-6.0.11.jar
[20Jul2025 19:23:50.833] [main/DEBUG] [net.neoforged.fml.util.ServiceLoaderUtil/CORE]: Found 1 implementations of IDependencyLocator:
[20Jul2025 19:23:50.833] [main/DEBUG] [net.neoforged.fml.util.ServiceLoaderUtil/CORE]: 	       0 - net.neoforged.fml.loading.moddiscovery.locators.JarInJarDependencyLocator from loader-6.0.11.jar
[20Jul2025 19:23:50.865] [main/DEBUG] [net.neoforged.fml.loading.moddiscovery.ModFileInfo/LOADING]: Found valid mod file neoforge-21.4.137.jar with {minecraft} mods - versions {1.21.4}
[20Jul2025 19:23:50.870] [main/DEBUG] [net.neoforged.fml.loading.moddiscovery.ModFileParser/LOADING]: Considering mod file candidate E:\MCreator\Workspaces\mcrshorts\build\moddev\artifacts\neoforge-21.4.137.jar
[20Jul2025 19:23:50.881] [main/DEBUG] [net.neoforged.fml.loading.moddiscovery.ModFileInfo/LOADING]: Found valid mod file neoforge-21.4.137.jar with {neoforge} mods - versions {21.4.137}
[20Jul2025 19:23:50.884] [main/DEBUG] [net.neoforged.fml.loading.moddiscovery.ModListHandler/CORE]: Found mod coordinates from lists: []
[20Jul2025 19:23:50.885] [main/DEBUG] [net.neoforged.fml.loading.moddiscovery.ModFileParser/LOADING]: Considering mod file candidate E:\MCreator\Workspaces\mcrshorts\build\classes\java\main
[20Jul2025 19:23:50.890] [main/DEBUG] [net.neoforged.fml.loading.moddiscovery.ModFileInfo/LOADING]: Found valid mod file main with {mcrshorts} mods - versions {0.0.4}
[20Jul2025 19:23:50.896] [pool-2-thread-1/INFO] [EARLYDISPLAY/]: GL info: NVIDIA GeForce RTX 4080 Laptop GPU/PCIe/SSE2 GL version 4.6.0 NVIDIA 572.83, NVIDIA Corporation
[20Jul2025 19:23:50.897] [main/DEBUG] [net.neoforged.fml.loading.moddiscovery.ModFileParser/LOADING]: Considering mod file candidate E:\MCreator\Workspaces\mcrshorts\build\moddev\artifacts\neoforge-21.4.137.jar
[20Jul2025 19:23:50.898] [main/DEBUG] [net.neoforged.fml.loading.moddiscovery.ModFileInfo/LOADING]: Found valid mod file neoforge-21.4.137.jar with {neoforge} mods - versions {21.4.137}
[20Jul2025 19:23:50.899] [main/DEBUG] [net.neoforged.fml.loading.moddiscovery.ModFileParser/LOADING]: Considering mod file candidate C:\Users\peiranyu\.mcreator\gradle\caches\modules-2\files-2.1\top.theillusivec4.curios\curios-neoforge\10.0.0+1.21.4\3977d57a2aeba9eeeb97c88abe057ff91ceb0039\curios-neoforge-10.0.0+1.21.4.jar
[20Jul2025 19:23:50.901] [main/DEBUG] [net.neoforged.fml.loading.moddiscovery.ModFileInfo/LOADING]: Found valid mod file curios-neoforge-10.0.0+1.21.4.jar with {curios} mods - versions {10.0.0+1.21.4}
[20Jul2025 19:23:50.911] [main/DEBUG] [net.neoforged.fml.loading.moddiscovery.ModDiscoverer/]: Skipping C:\Users\peiranyu\.mcreator\gradle\caches\modules-2\files-2.1\net.neoforged.fancymodloader\earlydisplay\6.0.11\caa7da96be4843d6399d44704dff98fe4e7c93ec\earlydisplay-6.0.11.jar because it was already located earlier
[20Jul2025 19:23:50.911] [main/DEBUG] [net.neoforged.fml.loading.moddiscovery.ModDiscoverer/]: Skipping C:\Users\peiranyu\.mcreator\gradle\caches\modules-2\files-2.1\net.neoforged.fancymodloader\loader\6.0.11\3ea5476a836130ec300ac20107b661a57f9ec71a\loader-6.0.11.jar because it was already located earlier
[20Jul2025 19:23:50.912] [main/DEBUG] [net.neoforged.fml.loading.moddiscovery.ModDiscoverer/]: Skipping C:\Users\peiranyu\.mcreator\gradle\caches\modules-2\files-2.1\net.neoforged.accesstransformers\at-modlauncher\11.0.1\c3bab0ab738f57325df7be7d7cb71868b775cffc\at-modlauncher-11.0.1.jar because it was already located earlier
[20Jul2025 19:23:50.912] [main/DEBUG] [net.neoforged.fml.loading.moddiscovery.ModDiscoverer/]: Skipping C:\Users\peiranyu\.mcreator\gradle\caches\modules-2\files-2.1\net.neoforged\accesstransformers\11.0.1\41c41b1cd9800f0fea16c89a5e21f83d34bd9b87\accesstransformers-11.0.1.jar because it was already located earlier
[20Jul2025 19:23:50.912] [main/DEBUG] [net.neoforged.fml.loading.moddiscovery.ModDiscoverer/]: Skipping C:\Users\peiranyu\.mcreator\gradle\caches\modules-2\files-2.1\net.neoforged\bus\8.0.2\163c9ef7c4bcca6d850c34e95261b606af91fe06\bus-8.0.2.jar because it was already located earlier
[20Jul2025 19:23:50.912] [main/DEBUG] [net.neoforged.fml.loading.moddiscovery.ModDiscoverer/]: Skipping C:\Users\peiranyu\.mcreator\gradle\caches\modules-2\files-2.1\net.neoforged\coremods\7.0.3\9147e6f638b4272b3bd5fc8f92ad37802512c6c\coremods-7.0.3.jar because it was already located earlier
[20Jul2025 19:23:50.912] [main/DEBUG] [net.neoforged.fml.loading.moddiscovery.ModDiscoverer/]: Skipping C:\Users\peiranyu\.mcreator\gradle\caches\modules-2\files-2.1\cpw.mods\modlauncher\11.0.4\6619d4812a3c092310d521ebc4c9503727563df7\modlauncher-11.0.4.jar because it was already located earlier
[20Jul2025 19:23:50.912] [main/DEBUG] [net.neoforged.fml.loading.moddiscovery.ModDiscoverer/]: Skipping C:\Users\peiranyu\.mcreator\gradle\caches\modules-2\files-2.1\net.neoforged\mergetool\2.0.0\52fe1949be64e3303aabaaa21e315f551db9c9f4\mergetool-2.0.0-api.jar because it was already located earlier
[20Jul2025 19:23:50.912] [main/DEBUG] [net.neoforged.fml.loading.moddiscovery.ModDiscoverer/]: Skipping C:\Users\peiranyu\.mcreator\gradle\caches\modules-2\files-2.1\com.electronwill.night-config\toml\3.8.1\fb0731789fc50ddeb3ad43e48ef65008b777b2ec\toml-3.8.1.jar because it was already located earlier
[20Jul2025 19:23:50.912] [main/DEBUG] [net.neoforged.fml.loading.moddiscovery.ModDiscoverer/]: Skipping C:\Users\peiranyu\.mcreator\gradle\caches\modules-2\files-2.1\com.electronwill.night-config\core\3.8.1\530d608fc238350f00c815d562f21a5d79939972\core-3.8.1.jar because it was already located earlier
[20Jul2025 19:23:50.912] [main/DEBUG] [net.neoforged.fml.loading.moddiscovery.ModDiscoverer/]: Skipping C:\Users\peiranyu\.mcreator\gradle\caches\modules-2\files-2.1\net.neoforged\JarJarSelector\0.4.1\fb3cc7a58af22ad2880adb98af6d518128c47dae\JarJarSelector-0.4.1.jar because it was already located earlier
[20Jul2025 19:23:50.912] [main/DEBUG] [net.neoforged.fml.loading.moddiscovery.ModDiscoverer/]: Skipping C:\Users\peiranyu\.mcreator\gradle\caches\modules-2\files-2.1\net.neoforged\JarJarMetadata\0.4.1\f8da03683dc81694556dc3e177c5e3bb77ae6fcb\JarJarMetadata-0.4.1.jar because it was already located earlier
[20Jul2025 19:23:50.912] [main/DEBUG] [net.neoforged.fml.loading.moddiscovery.ModDiscoverer/]: Skipping C:\Users\peiranyu\.mcreator\gradle\caches\modules-2\files-2.1\org.apache.maven\maven-artifact\3.9.9\a130ec431ef32e12a4424f9b074735bb58e15d2d\maven-artifact-3.9.9.jar because it was already located earlier
[20Jul2025 19:23:50.913] [main/DEBUG] [net.neoforged.fml.loading.moddiscovery.ModDiscoverer/]: Skipping C:\Users\peiranyu\.mcreator\gradle\caches\modules-2\files-2.1\net.jodah\typetools\0.6.3\a01aaa6ddaea9ec07ec4f209487b7a46a526283a\typetools-0.6.3.jar because it was already located earlier
[20Jul2025 19:23:50.913] [main/DEBUG] [net.neoforged.fml.loading.moddiscovery.ModDiscoverer/]: Skipping C:\Users\peiranyu\.mcreator\gradle\caches\modules-2\files-2.1\net.minecrell\terminalconsoleappender\1.3.0\b562e9bb61235c9520e26282cdee71f8f802d1fc\terminalconsoleappender-1.3.0.jar because it was already located earlier
[20Jul2025 19:23:50.913] [main/DEBUG] [net.neoforged.fml.loading.moddiscovery.ModDiscoverer/]: Skipping C:\Users\peiranyu\.mcreator\gradle\caches\modules-2\files-2.1\net.fabricmc\sponge-mixin\0.15.2+mixin.0.8.7\2af2f021d8e02a0220dc27a7a72b4666d66d44ca\sponge-mixin-0.15.2+mixin.0.8.7.jar because it was already located earlier
[20Jul2025 19:23:50.913] [main/DEBUG] [net.neoforged.fml.loading.moddiscovery.ModDiscoverer/]: Skipping C:\Users\peiranyu\.mcreator\gradle\caches\modules-2\files-2.1\org.openjdk.nashorn\nashorn-core\15.4\f67f5ffaa5f5130cf6fb9b133da00c7df3b532a5\nashorn-core-15.4.jar because it was already located earlier
[20Jul2025 19:23:50.913] [main/DEBUG] [net.neoforged.fml.loading.moddiscovery.ModDiscoverer/]: Skipping C:\Users\peiranyu\.mcreator\gradle\caches\modules-2\files-2.1\net.sf.jopt-simple\jopt-simple\5.0.4\4fdac2fbe92dfad86aa6e9301736f6b4342a3f5c\jopt-simple-5.0.4.jar because it was already located earlier
[20Jul2025 19:23:50.913] [main/DEBUG] [net.neoforged.fml.loading.moddiscovery.ModDiscoverer/]: Skipping C:\Users\peiranyu\.mcreator\gradle\caches\modules-2\files-2.1\commons-io\commons-io\2.17.0\ddcc8433eb019fb48fe25207c0278143f3e1d7e2\commons-io-2.17.0.jar because it was already located earlier
[20Jul2025 19:23:50.913] [main/DEBUG] [net.neoforged.fml.loading.moddiscovery.ModDiscoverer/]: Skipping C:\Users\peiranyu\.mcreator\gradle\caches\modules-2\files-2.1\com.mojang\logging\1.5.10\9ab1202793717af9df9c1704d0a02892067001eb\logging-1.5.10.jar because it was already located earlier
[20Jul2025 19:23:50.913] [main/DEBUG] [net.neoforged.fml.loading.moddiscovery.ModDiscoverer/]: Skipping C:\Users\peiranyu\.mcreator\gradle\caches\modules-2\files-2.1\org.apache.logging.log4j\log4j-slf4j2-impl\2.24.1\8e3ddc96464ef7f768823e7e001a52b23de8cd0a\log4j-slf4j2-impl-2.24.1.jar because it was already located earlier
[20Jul2025 19:23:50.913] [main/DEBUG] [net.neoforged.fml.loading.moddiscovery.ModDiscoverer/]: Skipping C:\Users\peiranyu\.mcreator\gradle\caches\modules-2\files-2.1\org.apache.logging.log4j\log4j-core\2.24.1\c85285146f28d8c8962384f786e2dff04172fb43\log4j-core-2.24.1.jar because it was already located earlier
[20Jul2025 19:23:50.913] [main/DEBUG] [net.neoforged.fml.loading.moddiscovery.ModDiscoverer/]: Skipping C:\Users\peiranyu\.mcreator\gradle\caches\modules-2\files-2.1\org.apache.logging.log4j\log4j-api\2.24.1\7ebeb12c20606373005af4232cd0ecca72613dda\log4j-api-2.24.1.jar because it was already located earlier
[20Jul2025 19:23:50.913] [main/DEBUG] [net.neoforged.fml.loading.moddiscovery.ModDiscoverer/]: Skipping C:\Users\peiranyu\.mcreator\gradle\caches\modules-2\files-2.1\com.google.guava\guava\33.3.1-jre\852f8b363da0111e819460021ca693cacca3e8db\guava-33.3.1-jre.jar because it was already located earlier
[20Jul2025 19:23:50.915] [main/DEBUG] [net.neoforged.fml.loading.moddiscovery.ModDiscoverer/]: Skipping C:\Users\peiranyu\.mcreator\gradle\caches\modules-2\files-2.1\com.google.code.gson\gson\2.11.0\527175ca6d81050b53bdd4c457a6d6e017626b0e\gson-2.11.0.jar because it was already located earlier
[20Jul2025 19:23:50.915] [main/DEBUG] [net.neoforged.fml.loading.moddiscovery.ModDiscoverer/]: Skipping C:\Users\peiranyu\.mcreator\gradle\caches\modules-2\files-2.1\org.apache.commons\commons-lang3\3.17.0\b17d2136f0460dcc0d2016ceefca8723bdf4ee70\commons-lang3-3.17.0.jar because it was already located earlier
[20Jul2025 19:23:50.915] [main/DEBUG] [net.neoforged.fml.loading.moddiscovery.ModDiscoverer/]: Skipping C:\Users\peiranyu\.mcreator\gradle\caches\modules-2\files-2.1\net.neoforged.accesstransformers\at-parser\11.0.1\124789359511c100a88ab0ba90adc80a8fd7db36\at-parser-11.0.1.jar because it was already located earlier
[20Jul2025 19:23:50.915] [main/DEBUG] [net.neoforged.fml.loading.moddiscovery.ModDiscoverer/]: Skipping C:\Users\peiranyu\.mcreator\gradle\caches\modules-2\files-2.1\org.slf4j\slf4j-api\2.0.16\172931663a09a1fa515567af5fbef00897d3c04\slf4j-api-2.0.16.jar because it was already located earlier
[20Jul2025 19:23:50.915] [main/DEBUG] [net.neoforged.fml.loading.moddiscovery.ModDiscoverer/]: Skipping C:\Users\peiranyu\.mcreator\gradle\caches\modules-2\files-2.1\net.minecraftforge\srgutils\0.4.15\ca408b131759478f164e010fae0d73997e125fb5\srgutils-0.4.15.jar because it was already located earlier
[20Jul2025 19:23:50.915] [main/DEBUG] [net.neoforged.fml.loading.moddiscovery.ModDiscoverer/]: Skipping C:\Users\peiranyu\.mcreator\gradle\caches\modules-2\files-2.1\org.codehaus.plexus\plexus-utils\3.5.1\c6bfb17c97ecc8863e88778ea301be742c62b06d\plexus-utils-3.5.1.jar because it was already located earlier
[20Jul2025 19:23:50.915] [main/DEBUG] [net.neoforged.fml.loading.moddiscovery.ModDiscoverer/]: Skipping C:\Users\peiranyu\.mcreator\gradle\caches\modules-2\files-2.1\org.jline\jline-reader\3.20.0\8f15415b022a25b473e8e16c28ae913186ffb9c4\jline-reader-3.20.0.jar because it was already located earlier
[20Jul2025 19:23:50.915] [main/DEBUG] [net.neoforged.fml.loading.moddiscovery.ModDiscoverer/]: Skipping C:\Users\peiranyu\.mcreator\gradle\caches\modules-2\files-2.1\com.machinezoo.noexception\noexception\1.7.1\b65330c98e38a1f915fa54a6e5eca496505e3f0a\noexception-1.7.1.jar because it was already located earlier
[20Jul2025 19:23:50.915] [main/DEBUG] [net.neoforged.fml.loading.moddiscovery.ModDiscoverer/]: Skipping C:\Users\peiranyu\.mcreator\gradle\caches\modules-2\files-2.1\com.fasterxml.jackson.core\jackson-annotations\2.13.4\858c6cc78e1f08a885b1613e1d817c829df70a6e\jackson-annotations-2.13.4.jar because it was already located earlier
[20Jul2025 19:23:50.915] [main/DEBUG] [net.neoforged.fml.loading.moddiscovery.ModDiscoverer/]: Skipping C:\Users\peiranyu\.mcreator\gradle\caches\modules-2\files-2.1\com.fasterxml.jackson.core\jackson-core\2.13.4\cf934c681294b97ef6d80082faeefbe1edadf56\jackson-core-2.13.4.jar because it was already located earlier
[20Jul2025 19:23:50.915] [main/DEBUG] [net.neoforged.fml.loading.moddiscovery.ModDiscoverer/]: Skipping C:\Users\peiranyu\.mcreator\gradle\caches\modules-2\files-2.1\com.fasterxml.jackson.core\jackson-databind\2.13.4.2\325c06bdfeb628cfb80ebaaf1a26cc1eb558a585\jackson-databind-2.13.4.2.jar because it was already located earlier
[20Jul2025 19:23:50.915] [main/DEBUG] [net.neoforged.fml.loading.moddiscovery.ModDiscoverer/]: Skipping C:\Users\peiranyu\.mcreator\gradle\caches\modules-2\files-2.1\com.github.oshi\oshi-core\6.6.5\e1099981fd15dc4236c4499d82aba1276fb43a9a\oshi-core-6.6.5.jar because it was already located earlier
[20Jul2025 19:23:50.915] [main/DEBUG] [net.neoforged.fml.loading.moddiscovery.ModDiscoverer/]: Skipping C:\Users\peiranyu\.mcreator\gradle\caches\modules-2\files-2.1\com.github.stephenc.jcip\jcip-annotations\1.0-1\ef31541dd28ae2cefdd17c7ebf352d93e9058c63\jcip-annotations-1.0-1.jar because it was already located earlier
[20Jul2025 19:23:50.915] [main/DEBUG] [net.neoforged.fml.loading.moddiscovery.ModDiscoverer/]: Skipping C:\Users\peiranyu\.mcreator\gradle\caches\modules-2\files-2.1\com.google.guava\failureaccess\1.0.2\c4a06a64e650562f30b7bf9aaec1bfed43aca12b\failureaccess-1.0.2.jar because it was already located earlier
[20Jul2025 19:23:50.915] [main/DEBUG] [net.neoforged.fml.loading.moddiscovery.ModDiscoverer/]: Skipping C:\Users\peiranyu\.mcreator\gradle\caches\modules-2\files-2.1\com.ibm.icu\icu4j\76.1\215f3a8e936d4069344bd75f2b1368fd58112894\icu4j-76.1.jar because it was already located earlier
[20Jul2025 19:23:50.915] [main/DEBUG] [net.neoforged.fml.loading.moddiscovery.ModDiscoverer/]: Skipping C:\Users\peiranyu\.mcreator\gradle\caches\modules-2\files-2.1\com.microsoft.azure\msal4j\1.17.2\a6211e3d71d0388929babaa0ff0951b30d001852\msal4j-1.17.2.jar because it was already located earlier
[20Jul2025 19:23:50.915] [main/DEBUG] [net.neoforged.fml.loading.moddiscovery.ModDiscoverer/]: Skipping C:\Users\peiranyu\.mcreator\gradle\caches\modules-2\files-2.1\com.mojang\authlib\6.0.57\bded3161a7346de32213da750388ec6529fe4f6b\authlib-6.0.57.jar because it was already located earlier
[20Jul2025 19:23:50.916] [main/DEBUG] [net.neoforged.fml.loading.moddiscovery.ModDiscoverer/]: Skipping C:\Users\peiranyu\.mcreator\gradle\caches\modules-2\files-2.1\com.mojang\blocklist\1.0.10\5c685c5ffa94c4cd39496c7184c1d122e515ecef\blocklist-1.0.10.jar because it was already located earlier
[20Jul2025 19:23:50.916] [main/DEBUG] [net.neoforged.fml.loading.moddiscovery.ModDiscoverer/]: Skipping C:\Users\peiranyu\.mcreator\gradle\caches\modules-2\files-2.1\com.mojang\brigadier\1.3.10\d15b53a14cf20fdcaa98f731af5dda654452c010\brigadier-1.3.10.jar because it was already located earlier
[20Jul2025 19:23:50.916] [main/DEBUG] [net.neoforged.fml.loading.moddiscovery.ModDiscoverer/]: Skipping C:\Users\peiranyu\.mcreator\gradle\caches\modules-2\files-2.1\com.mojang\datafixerupper\8.0.16\67d4de6d7f95d89bcf5862995fb854ebaec02a34\datafixerupper-8.0.16.jar because it was already located earlier
[20Jul2025 19:23:50.916] [main/DEBUG] [net.neoforged.fml.loading.moddiscovery.ModDiscoverer/]: Skipping C:\Users\peiranyu\.mcreator\gradle\caches\modules-2\files-2.1\com.mojang\jtracy\1.0.29\6f07dcb6a2e595c7ee2ca43b67e5d1c018ca0770\jtracy-1.0.29.jar because it was already located earlier
[20Jul2025 19:23:50.916] [main/DEBUG] [net.neoforged.fml.loading.moddiscovery.ModDiscoverer/]: Skipping C:\Users\peiranyu\.mcreator\gradle\caches\modules-2\files-2.1\com.mojang\jtracy\1.0.29\e05332cb31c7ae582dc8d8bd1bffd47c2ff7636f\jtracy-1.0.29-natives-windows.jar because it was already located earlier
[20Jul2025 19:23:50.916] [main/DEBUG] [net.neoforged.fml.loading.moddiscovery.ModDiscoverer/]: Skipping C:\Users\peiranyu\.mcreator\gradle\caches\modules-2\files-2.1\com.mojang\patchy\2.2.10\da05971b07cbb379d002cf7eaec6a2048211fefc\patchy-2.2.10.jar because it was already located earlier
[20Jul2025 19:23:50.916] [main/DEBUG] [net.neoforged.fml.loading.moddiscovery.ModDiscoverer/]: Skipping C:\Users\peiranyu\.mcreator\gradle\caches\modules-2\files-2.1\com.mojang\text2speech\1.17.9\3cad216e3a7f0c19b4b394388bc9ffc446f13b14\text2speech-1.17.9.jar because it was already located earlier
[20Jul2025 19:23:50.916] [main/DEBUG] [net.neoforged.fml.loading.moddiscovery.ModDiscoverer/]: Skipping C:\Users\peiranyu\.mcreator\gradle\caches\modules-2\files-2.1\com.nimbusds\content-type\2.3\e3aa0be212d7a42839a8f3f506f5b990bcce0222\content-type-2.3.jar because it was already located earlier
[20Jul2025 19:23:50.916] [main/DEBUG] [net.neoforged.fml.loading.moddiscovery.ModDiscoverer/]: Skipping C:\Users\peiranyu\.mcreator\gradle\caches\modules-2\files-2.1\com.nimbusds\lang-tag\1.7\97c73ecd70bc7e8eefb26c5eea84f251a63f1031\lang-tag-1.7.jar because it was already located earlier
[20Jul2025 19:23:50.916] [main/DEBUG] [net.neoforged.fml.loading.moddiscovery.ModDiscoverer/]: Skipping C:\Users\peiranyu\.mcreator\gradle\caches\modules-2\files-2.1\com.nimbusds\nimbus-jose-jwt\9.40\42b1dfa0360e4062951b070bac52dd8d96fd7b38\nimbus-jose-jwt-9.40.jar because it was already located earlier
[20Jul2025 19:23:50.916] [main/DEBUG] [net.neoforged.fml.loading.moddiscovery.ModDiscoverer/]: Skipping C:\Users\peiranyu\.mcreator\gradle\caches\modules-2\files-2.1\com.nimbusds\oauth2-oidc-sdk\11.18\7c7ec4f4066625ff07a711ad856fa04da1ff9de\oauth2-oidc-sdk-11.18.jar because it was already located earlier
[20Jul2025 19:23:50.916] [main/DEBUG] [net.neoforged.fml.loading.moddiscovery.ModDiscoverer/]: Skipping C:\Users\peiranyu\.mcreator\gradle\caches\modules-2\files-2.1\commons-codec\commons-codec\1.17.1\973638b7149d333563584137ebf13a691bb60579\commons-codec-1.17.1.jar because it was already located earlier
[20Jul2025 19:23:50.916] [main/DEBUG] [net.neoforged.fml.loading.moddiscovery.ModDiscoverer/]: Skipping C:\Users\peiranyu\.mcreator\gradle\caches\modules-2\files-2.1\commons-logging\commons-logging\1.3.4\b9fc14968d63a8b8a8a2c1885fe3e90564239708\commons-logging-1.3.4.jar because it was already located earlier
[20Jul2025 19:23:50.917] [main/DEBUG] [net.neoforged.fml.loading.moddiscovery.ModDiscoverer/]: Skipping C:\Users\peiranyu\.mcreator\gradle\caches\modules-2\files-2.1\io.netty\netty-buffer\4.1.115.Final\d5daf1030e5c36d198caf7562da2441a97ec0df6\netty-buffer-4.1.115.Final.jar because it was already located earlier
[20Jul2025 19:23:50.917] [main/DEBUG] [net.neoforged.fml.loading.moddiscovery.ModDiscoverer/]: Skipping C:\Users\peiranyu\.mcreator\gradle\caches\modules-2\files-2.1\io.netty\netty-codec\4.1.115.Final\d326bf3a4c785b272da3db6941779a1bd5448378\netty-codec-4.1.115.Final.jar because it was already located earlier
[20Jul2025 19:23:50.917] [main/DEBUG] [net.neoforged.fml.loading.moddiscovery.ModDiscoverer/]: Skipping C:\Users\peiranyu\.mcreator\gradle\caches\modules-2\files-2.1\io.netty\netty-common\4.1.115.Final\9da10a9f72e3f87e181d91b525174007a6fc4f11\netty-common-4.1.115.Final.jar because it was already located earlier
[20Jul2025 19:23:50.917] [main/DEBUG] [net.neoforged.fml.loading.moddiscovery.ModDiscoverer/]: Skipping C:\Users\peiranyu\.mcreator\gradle\caches\modules-2\files-2.1\io.netty\netty-handler\4.1.115.Final\d54dbf68b9d88a98240107758c6b63da5e46e23a\netty-handler-4.1.115.Final.jar because it was already located earlier
[20Jul2025 19:23:50.917] [main/DEBUG] [net.neoforged.fml.loading.moddiscovery.ModDiscoverer/]: Skipping C:\Users\peiranyu\.mcreator\gradle\caches\modules-2\files-2.1\io.netty\netty-resolver\4.1.115.Final\e33b4d476c03975957f5d8d0319d592bf2bc5e96\netty-resolver-4.1.115.Final.jar because it was already located earlier
[20Jul2025 19:23:50.917] [main/DEBUG] [net.neoforged.fml.loading.moddiscovery.ModDiscoverer/]: Skipping C:\Users\peiranyu\.mcreator\gradle\caches\modules-2\files-2.1\io.netty\netty-transport-classes-epoll\4.1.115.Final\11fea00408ecbd8b8d1f0698d708e37db4a01841\netty-transport-classes-epoll-4.1.115.Final.jar because it was already located earlier
[20Jul2025 19:23:50.917] [main/DEBUG] [net.neoforged.fml.loading.moddiscovery.ModDiscoverer/]: Skipping C:\Users\peiranyu\.mcreator\gradle\caches\modules-2\files-2.1\io.netty\netty-transport-native-unix-common\4.1.115.Final\dc96c67d06cd6b5eb677f2728f27bf2e3d9a7284\netty-transport-native-unix-common-4.1.115.Final.jar because it was already located earlier
[20Jul2025 19:23:50.917] [main/DEBUG] [net.neoforged.fml.loading.moddiscovery.ModDiscoverer/]: Skipping C:\Users\peiranyu\.mcreator\gradle\caches\modules-2\files-2.1\io.netty\netty-transport\4.1.115.Final\39cef77c1a25908ac1abf4960c2e789f0bf70ff9\netty-transport-4.1.115.Final.jar because it was already located earlier
[20Jul2025 19:23:50.917] [main/DEBUG] [net.neoforged.fml.loading.moddiscovery.ModDiscoverer/]: Skipping C:\Users\peiranyu\.mcreator\gradle\caches\modules-2\files-2.1\it.unimi.dsi\fastutil\8.5.15\1e885b40c9563ab0d3899b871fd0b30e958705dc\fastutil-8.5.15.jar because it was already located earlier
[20Jul2025 19:23:50.917] [main/DEBUG] [net.neoforged.fml.loading.moddiscovery.ModDiscoverer/]: Skipping C:\Users\peiranyu\.mcreator\gradle\caches\modules-2\files-2.1\net.java.dev.jna\jna-platform\5.15.0\86b502cad57d45da172b5e3231c537b042e296ef\jna-platform-5.15.0.jar because it was already located earlier
[20Jul2025 19:23:50.917] [main/DEBUG] [net.neoforged.fml.loading.moddiscovery.ModDiscoverer/]: Skipping C:\Users\peiranyu\.mcreator\gradle\caches\modules-2\files-2.1\net.java.dev.jna\jna\5.15.0\1ee1d80ff44f08280188f7c0e740d57207841ac\jna-5.15.0.jar because it was already located earlier
[20Jul2025 19:23:50.917] [main/DEBUG] [net.neoforged.fml.loading.moddiscovery.ModDiscoverer/]: Skipping C:\Users\peiranyu\.mcreator\gradle\caches\modules-2\files-2.1\net.minidev\accessors-smart\2.5.1\19b820261eb2e7de7d5bde11d1c06e4501dd7e5f\accessors-smart-2.5.1.jar because it was already located earlier
[20Jul2025 19:23:50.917] [main/DEBUG] [net.neoforged.fml.loading.moddiscovery.ModDiscoverer/]: Skipping C:\Users\peiranyu\.mcreator\gradle\caches\modules-2\files-2.1\net.minidev\json-smart\2.5.1\4c11d2808d009132dfbbf947ebf37de6bf266c8e\json-smart-2.5.1.jar because it was already located earlier
[20Jul2025 19:23:50.917] [main/DEBUG] [net.neoforged.fml.loading.moddiscovery.ModDiscoverer/]: Skipping C:\Users\peiranyu\.mcreator\gradle\caches\modules-2\files-2.1\org.apache.commons\commons-compress\1.27.1\a19151084758e2fbb6b41eddaa88e7b8ff4e6599\commons-compress-1.27.1.jar because it was already located earlier
[20Jul2025 19:23:50.917] [main/DEBUG] [net.neoforged.fml.loading.moddiscovery.ModDiscoverer/]: Skipping C:\Users\peiranyu\.mcreator\gradle\caches\modules-2\files-2.1\org.apache.httpcomponents\httpclient\4.5.14\1194890e6f56ec29177673f2f12d0b8e627dec98\httpclient-4.5.14.jar because it was already located earlier
[20Jul2025 19:23:50.918] [main/DEBUG] [net.neoforged.fml.loading.moddiscovery.ModDiscoverer/]: Skipping C:\Users\peiranyu\.mcreator\gradle\caches\modules-2\files-2.1\org.apache.httpcomponents\httpcore\4.4.16\51cf043c87253c9f58b539c9f7e44c8894223850\httpcore-4.4.16.jar because it was already located earlier
[20Jul2025 19:23:50.918] [main/DEBUG] [net.neoforged.fml.loading.moddiscovery.ModDiscoverer/]: Skipping C:\Users\peiranyu\.mcreator\gradle\caches\modules-2\files-2.1\org.jcraft\jorbis\0.0.17\8872d22b293e8f5d7d56ff92be966e6dc28ebdc6\jorbis-0.0.17.jar because it was already located earlier
[20Jul2025 19:23:50.918] [main/DEBUG] [net.neoforged.fml.loading.moddiscovery.ModDiscoverer/]: Skipping C:\Users\peiranyu\.mcreator\gradle\caches\modules-2\files-2.1\org.joml\joml\1.10.8\fc0a71dad90a2cf41d82a76156a0e700af8e4f8d\joml-1.10.8.jar because it was already located earlier
[20Jul2025 19:23:50.918] [main/DEBUG] [net.neoforged.fml.loading.moddiscovery.ModDiscoverer/]: Skipping C:\Users\peiranyu\.mcreator\gradle\caches\modules-2\files-2.1\org.lwjgl\lwjgl-freetype\3.3.3\a0db6c84a8becc8ca05f9dbfa985edc348a824c7\lwjgl-freetype-3.3.3.jar because it was already located earlier
[20Jul2025 19:23:50.920] [main/DEBUG] [net.neoforged.fml.loading.moddiscovery.ModDiscoverer/]: Skipping C:\Users\peiranyu\.mcreator\gradle\caches\modules-2\files-2.1\org.lwjgl\lwjgl-freetype\3.3.3\15a8c1de7f51d07a92eae7ce1222557073a0c0c3\lwjgl-freetype-3.3.3-natives-windows-x86.jar because it was already located earlier
[20Jul2025 19:23:50.921] [main/DEBUG] [net.neoforged.fml.loading.moddiscovery.ModDiscoverer/]: Skipping C:\Users\peiranyu\.mcreator\gradle\caches\modules-2\files-2.1\org.lwjgl\lwjgl-glfw\3.3.3\efa1eb78c5ccd840e9f329717109b5e892d72f8e\lwjgl-glfw-3.3.3.jar because it was already located earlier
[20Jul2025 19:23:50.923] [main/DEBUG] [net.neoforged.fml.loading.moddiscovery.ModDiscoverer/]: Skipping C:\Users\peiranyu\.mcreator\gradle\caches\modules-2\files-2.1\org.lwjgl\lwjgl-glfw\3.3.3\32334f3fd5270a59bad9939a93115acb6de36dcf\lwjgl-glfw-3.3.3-natives-windows-x86.jar because it was already located earlier
[20Jul2025 19:23:50.923] [main/DEBUG] [net.neoforged.fml.loading.moddiscovery.ModDiscoverer/]: Skipping C:\Users\peiranyu\.mcreator\gradle\caches\modules-2\files-2.1\org.lwjgl\lwjgl-jemalloc\3.3.3\b543467b7ff3c6920539a88ee602d34098628be5\lwjgl-jemalloc-3.3.3.jar because it was already located earlier
[20Jul2025 19:23:50.923] [main/DEBUG] [net.neoforged.fml.loading.moddiscovery.ModDiscoverer/]: Skipping C:\Users\peiranyu\.mcreator\gradle\caches\modules-2\files-2.1\org.lwjgl\lwjgl-jemalloc\3.3.3\426222fc027602a5f21b9c0fe79cde6a4c7a011f\lwjgl-jemalloc-3.3.3-natives-windows.jar because it was already located earlier
[20Jul2025 19:23:50.925] [main/DEBUG] [net.neoforged.fml.loading.moddiscovery.ModDiscoverer/]: Skipping C:\Users\peiranyu\.mcreator\gradle\caches\modules-2\files-2.1\org.lwjgl\lwjgl-openal\3.3.3\daada81ceb5fc0c291fbfdd4433cb8d9423577f2\lwjgl-openal-3.3.3.jar because it was already located earlier
[20Jul2025 19:23:50.927] [main/DEBUG] [net.neoforged.fml.loading.moddiscovery.ModDiscoverer/]: Skipping C:\Users\peiranyu\.mcreator\gradle\caches\modules-2\files-2.1\org.lwjgl\lwjgl-openal\3.3.3\87b8d5050e3adb46bb58fe1cb2669a4a48fce10d\lwjgl-openal-3.3.3-natives-windows-x86.jar because it was already located earlier
[20Jul2025 19:23:50.927] [main/DEBUG] [net.neoforged.fml.loading.moddiscovery.ModDiscoverer/]: Skipping C:\Users\peiranyu\.mcreator\gradle\caches\modules-2\files-2.1\org.lwjgl\lwjgl-opengl\3.3.3\2f6b0147078396a58979125a4c947664e98293a\lwjgl-opengl-3.3.3.jar because it was already located earlier
[20Jul2025 19:23:50.929] [main/DEBUG] [net.neoforged.fml.loading.moddiscovery.ModDiscoverer/]: Skipping C:\Users\peiranyu\.mcreator\gradle\caches\modules-2\files-2.1\org.lwjgl\lwjgl-opengl\3.3.3\65e956d3735a1abdc82eff4baec1b61174697d4b\lwjgl-opengl-3.3.3-natives-windows-arm64.jar because it was already located earlier
[20Jul2025 19:23:50.930] [main/DEBUG] [net.neoforged.fml.loading.moddiscovery.ModDiscoverer/]: Skipping C:\Users\peiranyu\.mcreator\gradle\caches\modules-2\files-2.1\org.lwjgl\lwjgl-stb\3.3.3\25dd6161988d7e65f71d5065c99902402ee32746\lwjgl-stb-3.3.3.jar because it was already located earlier
[20Jul2025 19:23:50.930] [main/DEBUG] [net.neoforged.fml.loading.moddiscovery.ModDiscoverer/]: Skipping C:\Users\peiranyu\.mcreator\gradle\caches\modules-2\files-2.1\org.lwjgl\lwjgl-stb\3.3.3\1d9facdf6541de114b0f963be33505b7679c78cb\lwjgl-stb-3.3.3-natives-windows.jar because it was already located earlier
[20Jul2025 19:23:50.933] [main/DEBUG] [net.neoforged.fml.loading.moddiscovery.ModDiscoverer/]: Skipping C:\Users\peiranyu\.mcreator\gradle\caches\modules-2\files-2.1\org.lwjgl\lwjgl-tinyfd\3.3.3\82d755ca94b102e9ca77283b9e2dc46d1b15fbe5\lwjgl-tinyfd-3.3.3.jar because it was already located earlier
[20Jul2025 19:23:50.933] [main/DEBUG] [net.neoforged.fml.loading.moddiscovery.ModDiscoverer/]: Skipping C:\Users\peiranyu\.mcreator\gradle\caches\modules-2\files-2.1\org.lwjgl\lwjgl-tinyfd\3.3.3\a6697981b0449a5087c1d546fc08b4f73e8f98c9\lwjgl-tinyfd-3.3.3-natives-windows.jar because it was already located earlier
[20Jul2025 19:23:50.936] [main/DEBUG] [net.neoforged.fml.loading.moddiscovery.ModDiscoverer/]: Skipping C:\Users\peiranyu\.mcreator\gradle\caches\modules-2\files-2.1\org.lwjgl\lwjgl\3.3.3\29589b5f87ed335a6c7e7ee6a5775f81f97ecb84\lwjgl-3.3.3.jar because it was already located earlier
[20Jul2025 19:23:50.938] [main/DEBUG] [net.neoforged.fml.loading.moddiscovery.ModDiscoverer/]: Skipping C:\Users\peiranyu\.mcreator\gradle\caches\modules-2\files-2.1\org.lwjgl\lwjgl\3.3.3\9e670718e050aeaeea0c2d5b907cffb142f2e58f\lwjgl-3.3.3-natives-windows-x86.jar because it was already located earlier
[20Jul2025 19:23:50.938] [main/DEBUG] [net.neoforged.fml.loading.moddiscovery.ModDiscoverer/]: Skipping C:\Users\peiranyu\.mcreator\gradle\caches\modules-2\files-2.1\org.lz4\lz4-java\1.8.0\4b986a99445e49ea5fbf5d149c4b63f6ed6c6780\lz4-java-1.8.0.jar because it was already located earlier
[20Jul2025 19:23:50.939] [main/DEBUG] [net.neoforged.fml.loading.moddiscovery.ModDiscoverer/]: Skipping C:\Users\peiranyu\.mcreator\gradle\caches\modules-2\files-2.1\org.jline\jline-terminal\3.20.0\d0ddcc708ddf527a3454c941b7b9225cc83a15ff\jline-terminal-3.20.0.jar because it was already located earlier
[20Jul2025 19:23:50.939] [main/DEBUG] [net.neoforged.fml.loading.moddiscovery.ModDiscoverer/]: Skipping C:\Users\peiranyu\.mcreator\gradle\caches\modules-2\files-2.1\com.google.errorprone\error_prone_annotations\2.28.0\59fc00087ce372de42e394d2c789295dff2d19f0\error_prone_annotations-2.28.0.jar because it was already located earlier
[20Jul2025 19:23:50.939] [main/DEBUG] [net.neoforged.fml.loading.moddiscovery.ModDiscoverer/]: Skipping C:\Users\peiranyu\.mcreator\gradle\caches\modules-2\files-2.1\com.google.guava\listenablefuture\9999.0-empty-to-avoid-conflict-with-guava\b421526c5f297295adef1c886e5246c39d4ac629\listenablefuture-9999.0-empty-to-avoid-conflict-with-guava.jar because it was already located earlier
[20Jul2025 19:23:50.939] [main/DEBUG] [net.neoforged.fml.loading.moddiscovery.ModDiscoverer/]: Skipping C:\Users\peiranyu\.mcreator\gradle\caches\modules-2\files-2.1\com.google.code.findbugs\jsr305\3.0.2\25ea2e8b0c338a877313bd4672d3fe056ea78f0d\jsr305-3.0.2.jar because it was already located earlier
[20Jul2025 19:23:50.939] [main/DEBUG] [net.neoforged.fml.loading.moddiscovery.ModDiscoverer/]: Skipping C:\Users\peiranyu\.mcreator\gradle\caches\modules-2\files-2.1\org.checkerframework\checker-qual\3.43.0\9425eee39e56b116d2b998b7c2cebcbd11a3c98b\checker-qual-3.43.0.jar because it was already located earlier
[20Jul2025 19:23:50.939] [main/DEBUG] [net.neoforged.fml.loading.moddiscovery.ModDiscoverer/]: Skipping C:\Users\peiranyu\.mcreator\gradle\caches\modules-2\files-2.1\com.google.j2objc\j2objc-annotations\3.0.0\7399e65dd7e9ff3404f4535b2f017093bdb134c7\j2objc-annotations-3.0.0.jar because it was already located earlier
[20Jul2025 19:23:50.943] [main/DEBUG] [net.neoforged.fml.loading.UniqueModListBuilder/]: Found 2 mods for first modid neoforge, selecting most recent based on version data
[20Jul2025 19:23:50.943] [main/DEBUG] [net.neoforged.fml.loading.UniqueModListBuilder/]: Selected file neoforge-21.4.137.jar for modid neoforge with version 21.4.137
[20Jul2025 19:23:51.059] [main/INFO] [net.neoforged.fml.loading.moddiscovery.locators.JarInJarDependencyLocator/]: Found 2 dependencies adding them to mods collection
[20Jul2025 19:23:51.060] [main/INFO] [net.neoforged.fml.loading.moddiscovery.ModDiscoverer/]: 
     Mod List:
		Name Version (Mod Id)

		Curios API 10.0.0+1.21.4 (curios)
		MCRShorts 0.0.4 (mcrshorts)
		Minecraft 1.21.4 (minecraft)
		NeoForge 21.4.137 (neoforge)
[20Jul2025 19:23:51.061] [main/DEBUG] [net.neoforged.fml.loading.moddiscovery.ModFileInfo/LOADING]: Found valid mod file neoforge-21.4.137.jar with {minecraft} mods - versions {1.21.4}
[20Jul2025 19:23:51.064] [main/DEBUG] [net.neoforged.fml.loading.moddiscovery.ModFile/LOADING]: Loading mod file E:\MCreator\Workspaces\mcrshorts\build\moddev\artifacts\neoforge-21.4.137.jar with languages [LanguageSpec[languageName=minecraft, acceptedVersions=1]]
[20Jul2025 19:23:51.065] [main/DEBUG] [net.neoforged.fml.loading.moddiscovery.ModFileParser/LOADING]: Considering mod file candidate C:\Users\peiranyu\.mcreator\gradle\caches\modules-2\files-2.1\top.theillusivec4.curios\curios-neoforge\10.0.0+1.21.4\3977d57a2aeba9eeeb97c88abe057ff91ceb0039\curios-neoforge-10.0.0+1.21.4.jar
[20Jul2025 19:23:51.066] [main/DEBUG] [net.neoforged.fml.loading.moddiscovery.ModFileInfo/LOADING]: Found valid mod file curios-neoforge-10.0.0+1.21.4.jar with {curios} mods - versions {10.0.0+1.21.4}
[20Jul2025 19:23:51.067] [main/DEBUG] [net.neoforged.fml.loading.moddiscovery.ModFile/LOADING]: Loading mod file C:\Users\peiranyu\.mcreator\gradle\caches\modules-2\files-2.1\top.theillusivec4.curios\curios-neoforge\10.0.0+1.21.4\3977d57a2aeba9eeeb97c88abe057ff91ceb0039\curios-neoforge-10.0.0+1.21.4.jar with languages [LanguageSpec[languageName=javafml, acceptedVersions=[1,)]]
[20Jul2025 19:23:51.067] [main/DEBUG] [net.neoforged.fml.loading.moddiscovery.ModFile/LOADING]: Found mixin config MixinConfig[config=curios.mixins.json, requiredMods=[]]
[20Jul2025 19:23:51.068] [main/DEBUG] [net.neoforged.fml.loading.moddiscovery.ModFileParser/LOADING]: Considering mod file candidate E:\MCreator\Workspaces\mcrshorts\build\classes\java\main
[20Jul2025 19:23:51.069] [main/DEBUG] [net.neoforged.fml.loading.moddiscovery.ModFileInfo/LOADING]: Found valid mod file main with {mcrshorts} mods - versions {0.0.4}
[20Jul2025 19:23:51.069] [main/DEBUG] [net.neoforged.fml.loading.moddiscovery.ModFile/LOADING]: Loading mod file E:\MCreator\Workspaces\mcrshorts\build\classes\java\main with languages [LanguageSpec[languageName=javafml, acceptedVersions=[4,)]]
[20Jul2025 19:23:51.069] [main/DEBUG] [net.neoforged.fml.loading.moddiscovery.ModFileParser/LOADING]: Considering mod file candidate E:\MCreator\Workspaces\mcrshorts\build\moddev\artifacts\neoforge-21.4.137.jar
[20Jul2025 19:23:51.070] [main/DEBUG] [net.neoforged.fml.loading.moddiscovery.ModFileInfo/LOADING]: Found valid mod file neoforge-21.4.137.jar with {neoforge} mods - versions {21.4.137}
[20Jul2025 19:23:51.070] [main/DEBUG] [net.neoforged.fml.loading.moddiscovery.ModFile/LOADING]: Loading mod file E:\MCreator\Workspaces\mcrshorts\build\moddev\artifacts\neoforge-21.4.137.jar with languages [LanguageSpec[languageName=javafml, acceptedVersions=[3,]]]
[20Jul2025 19:23:51.070] [main/DEBUG] [net.neoforged.fml.loading.moddiscovery.ModFile/LOADING]: Found mixin config MixinConfig[config=neoforge.mixins.json, requiredMods=[]]
[20Jul2025 19:23:51.071] [main/DEBUG] [net.neoforged.fml.loading.moddiscovery.ModFile/LOADING]: Loading mod file  with languages []
[20Jul2025 19:23:51.072] [main/DEBUG] [cpw.mods.modlauncher.TransformationServiceDecorator/MODLAUNCHER]: End scan trigger - transformation service fml
[20Jul2025 19:23:51.081] [main/DEBUG] [net.neoforged.fml.util.ServiceLoaderUtil/CORE]: Found 3 implementations of IModLanguageLoader:
[20Jul2025 19:23:51.082] [main/DEBUG] [net.neoforged.fml.util.ServiceLoaderUtil/CORE]: 	net.neoforged.fml.javafmlmod.FMLJavaModLanguageProvider from loader-6.0.11.jar
[20Jul2025 19:23:51.082] [main/DEBUG] [net.neoforged.fml.util.ServiceLoaderUtil/CORE]: 	net.neoforged.fml.lowcodemod.LowCodeModLanguageProvider from loader-6.0.11.jar
[20Jul2025 19:23:51.082] [main/DEBUG] [net.neoforged.fml.util.ServiceLoaderUtil/CORE]: 	net.neoforged.fml.mclanguageprovider.MinecraftModLanguageProvider from loader-6.0.11.jar
[20Jul2025 19:23:51.082] [main/DEBUG] [net.neoforged.fml.loading.LanguageProviderLoader/CORE]: Found language provider javafml, version 6.0.11
[20Jul2025 19:23:51.082] [main/DEBUG] [net.neoforged.fml.loading.LanguageProviderLoader/CORE]: Found language provider lowcodefml, version 6.0.11
[20Jul2025 19:23:51.082] [main/DEBUG] [net.neoforged.fml.loading.LanguageProviderLoader/CORE]: Found language provider minecraft, version 6.0.11
[20Jul2025 19:23:51.086] [main/DEBUG] [net.neoforged.fml.loading.ModSorter/]: Configured system mods: [minecraft, neoforge]
[20Jul2025 19:23:51.086] [main/DEBUG] [net.neoforged.fml.loading.ModSorter/]: Found system mod: minecraft
[20Jul2025 19:23:51.086] [main/DEBUG] [net.neoforged.fml.loading.ModSorter/]: Found system mod: neoforge
[20Jul2025 19:23:51.087] [main/DEBUG] [net.neoforged.fml.loading.ModSorter/LOADING]: Found 5 mod requirements (4 mandatory, 1 optional)
[20Jul2025 19:23:51.087] [main/DEBUG] [net.neoforged.fml.loading.ModSorter/LOADING]: Found 0 mod requirements missing (0 mandatory, 0 optional)
[20Jul2025 19:23:51.123] [main/DEBUG] [mixin/]: Adding mixin platform agents for container net.neoforged.fml.loading.mixin.FMLMixinContainerHandle@345cf395
[20Jul2025 19:23:51.123] [main/DEBUG] [mixin/]: Instancing new MixinPlatformAgentMinecraftForge for net.neoforged.fml.loading.mixin.FMLMixinContainerHandle@345cf395
[20Jul2025 19:23:51.123] [main/DEBUG] [mixin/]: MixinPlatformAgentMinecraftForge rejected container net.neoforged.fml.loading.mixin.FMLMixinContainerHandle@345cf395
[20Jul2025 19:23:51.123] [main/DEBUG] [mixin/]: Instancing new MixinPlatformAgentDefault for net.neoforged.fml.loading.mixin.FMLMixinContainerHandle@345cf395
[20Jul2025 19:23:51.123] [main/DEBUG] [mixin/]: MixinPlatformAgentDefault accepted container net.neoforged.fml.loading.mixin.FMLMixinContainerHandle@345cf395
[20Jul2025 19:23:51.123] [main/DEBUG] [mixin/]: Instancing new FMLMixinPlatformAgent for net.neoforged.fml.loading.mixin.FMLMixinContainerHandle@345cf395
[20Jul2025 19:23:51.123] [main/DEBUG] [mixin/]: FMLMixinPlatformAgent accepted container net.neoforged.fml.loading.mixin.FMLMixinContainerHandle@345cf395
[20Jul2025 19:23:51.133] [main/DEBUG] [cpw.mods.modlauncher.TransformationServicesHandler/MODLAUNCHER]: Transformation services loading transformers
[20Jul2025 19:23:51.134] [main/DEBUG] [cpw.mods.modlauncher.TransformationServiceDecorator/MODLAUNCHER]: Initializing transformers for transformation service mixin
[20Jul2025 19:23:51.134] [main/DEBUG] [cpw.mods.modlauncher.TransformationServiceDecorator/MODLAUNCHER]: Initialized transformers for transformation service mixin
[20Jul2025 19:23:51.134] [main/DEBUG] [cpw.mods.modlauncher.TransformationServiceDecorator/MODLAUNCHER]: Initializing transformers for transformation service fml
[20Jul2025 19:23:51.134] [main/DEBUG] [net.neoforged.fml.loading.FMLServiceProvider/LOADING]: Loading coremod transformers
[20Jul2025 19:23:51.135] [main/DEBUG] [net.neoforged.fml.loading.FMLServiceProvider/CORE]: Not loading coremod script-engine since no mod requested it
[20Jul2025 19:23:51.136] [main/DEBUG] [net.neoforged.fml.util.ServiceLoaderUtil/CORE]: Found 1 implementations of ICoreMod:
[20Jul2025 19:23:51.136] [main/DEBUG] [net.neoforged.fml.util.ServiceLoaderUtil/CORE]: 	net.neoforged.neoforge.coremods.NeoForgeCoreMod from neoforge-21.4.137.jar > net.neoforged.neoforge-coremods-21.4.137.jar
[20Jul2025 19:23:51.151] [main/DEBUG] [net.neoforged.fml.loading.FMLServiceProvider/CORE]: Adding [Target[className=net.minecraft.world.level.biome.Biome, elementName=, elementDescriptor=, targetType=cpw.mods.modlauncher.api.TargetType@56f6d40b]] transformer from core-mod net.neoforged.neoforge.coremods.NeoForgeCoreMod@57a48985 in neoforge-21.4.137.jar > net.neoforged.neoforge-coremods-21.4.137.jar
[20Jul2025 19:23:51.151] [main/DEBUG] [net.neoforged.fml.loading.FMLServiceProvider/CORE]: Adding [Target[className=net.minecraft.world.level.levelgen.structure.Structure, elementName=, elementDescriptor=, targetType=cpw.mods.modlauncher.api.TargetType@56f6d40b]] transformer from core-mod net.neoforged.neoforge.coremods.NeoForgeCoreMod@57a48985 in neoforge-21.4.137.jar > net.neoforged.neoforge-coremods-21.4.137.jar
[20Jul2025 19:23:51.151] [main/DEBUG] [net.neoforged.fml.loading.FMLServiceProvider/CORE]: Adding [Target[className=net.minecraft.world.level.block.FlowerPotBlock, elementName=, elementDescriptor=, targetType=cpw.mods.modlauncher.api.TargetType@56f6d40b]] transformer from core-mod net.neoforged.neoforge.coremods.NeoForgeCoreMod@57a48985 in neoforge-21.4.137.jar > net.neoforged.neoforge-coremods-21.4.137.jar
[20Jul2025 19:23:51.151] [main/DEBUG] [net.neoforged.fml.loading.FMLServiceProvider/CORE]: Adding [Target[className=net/minecraft/world/entity/monster/Zombie, elementName=, elementDescriptor=, targetType=cpw.mods.modlauncher.api.TargetType@56f6d40b], Target[className=net/minecraft/world/entity/monster/Spider, elementName=, elementDescriptor=, targetType=cpw.mods.modlauncher.api.TargetType@56f6d40b], Target[className=net/minecraft/world/entity/npc/CatSpawner, elementName=, elementDescriptor=, targetType=cpw.mods.modlauncher.api.TargetType@56f6d40b], Target[className=net/minecraft/world/level/levelgen/structure/structures/OceanRuinPieces$OceanRuinPiece, elementName=, elementDescriptor=, targetType=cpw.mods.modlauncher.api.TargetType@56f6d40b], Target[className=net/minecraft/server/commands/SummonCommand, elementName=, elementDescriptor=, targetType=cpw.mods.modlauncher.api.TargetType@56f6d40b], Target[className=net/minecraft/world/level/levelgen/structure/structures/WoodlandMansionPieces$WoodlandMansionPiece, elementName=, elementDescriptor=, targetType=cpw.mods.modlauncher.api.TargetType@56f6d40b], Target[className=net/minecraft/world/level/levelgen/PhantomSpawner, elementName=, elementDescriptor=, targetType=cpw.mods.modlauncher.api.TargetType@56f6d40b], Target[className=net/minecraft/world/entity/npc/Villager, elementName=, elementDescriptor=, targetType=cpw.mods.modlauncher.api.TargetType@56f6d40b], Target[className=net/minecraft/world/entity/raid/Raid, elementName=, elementDescriptor=, targetType=cpw.mods.modlauncher.api.TargetType@56f6d40b], Target[className=net/minecraft/world/level/NaturalSpawner, elementName=, elementDescriptor=, targetType=cpw.mods.modlauncher.api.TargetType@56f6d40b], Target[className=net/minecraft/world/entity/animal/frog/Tadpole, elementName=, elementDescriptor=, targetType=cpw.mods.modlauncher.api.TargetType@56f6d40b], Target[className=net/minecraft/world/level/levelgen/structure/structures/OceanMonumentPieces$OceanMonumentPiece, elementName=, elementDescriptor=, targetType=cpw.mods.modlauncher.api.TargetType@56f6d40b], Target[className=net/minecraft/server/commands/RaidCommand, elementName=, elementDescriptor=, targetType=cpw.mods.modlauncher.api.TargetType@56f6d40b], Target[className=net/minecraft/world/entity/monster/ZombieVillager, elementName=, elementDescriptor=, targetType=cpw.mods.modlauncher.api.TargetType@56f6d40b], Target[className=net/minecraft/world/level/levelgen/PatrolSpawner, elementName=, elementDescriptor=, targetType=cpw.mods.modlauncher.api.TargetType@56f6d40b], Target[className=net/minecraft/world/level/levelgen/structure/structures/SwampHutPiece, elementName=, elementDescriptor=, targetType=cpw.mods.modlauncher.api.TargetType@56f6d40b], Target[className=net/minecraft/world/entity/animal/horse/SkeletonTrapGoal, elementName=, elementDescriptor=, targetType=cpw.mods.modlauncher.api.TargetType@56f6d40b], Target[className=net/minecraft/world/entity/EntityType, elementName=, elementDescriptor=, targetType=cpw.mods.modlauncher.api.TargetType@56f6d40b], Target[className=net/minecraft/world/entity/monster/Strider, elementName=, elementDescriptor=, targetType=cpw.mods.modlauncher.api.TargetType@56f6d40b], Target[className=net/minecraft/world/level/levelgen/structure/templatesystem/StructureTemplate, elementName=, elementDescriptor=, targetType=cpw.mods.modlauncher.api.TargetType@56f6d40b], Target[className=net/minecraft/world/entity/ai/village/VillageSiege, elementName=, elementDescriptor=, targetType=cpw.mods.modlauncher.api.TargetType@56f6d40b], Target[className=net/minecraft/world/entity/monster/Evoker$EvokerSummonSpellGoal, elementName=, elementDescriptor=, targetType=cpw.mods.modlauncher.api.TargetType@56f6d40b]] transformer from core-mod net.neoforged.neoforge.coremods.NeoForgeCoreMod@57a48985 in neoforge-21.4.137.jar > net.neoforged.neoforge-coremods-21.4.137.jar
[20Jul2025 19:23:51.165] [main/DEBUG] [cpw.mods.modlauncher.TransformStore/MODLAUNCHER]: Adding transformer net.neoforged.neoforge.coremods.ReplaceFieldWithGetterAccess@2125ad3 to Target : cpw.mods.modlauncher.api.TargetType@56f6d40b {Lnet/minecraft/world/level/biome/Biome;} {} {V}
[20Jul2025 19:23:51.168] [main/DEBUG] [cpw.mods.modlauncher.TransformStore/MODLAUNCHER]: Adding transformer net.neoforged.neoforge.coremods.ReplaceFieldWithGetterAccess@7a7d1b47 to Target : cpw.mods.modlauncher.api.TargetType@56f6d40b {Lnet/minecraft/world/level/levelgen/structure/Structure;} {} {V}
[20Jul2025 19:23:51.168] [main/DEBUG] [cpw.mods.modlauncher.TransformStore/MODLAUNCHER]: Adding transformer net.neoforged.neoforge.coremods.ReplaceFieldWithGetterAccess@6eb82908 to Target : cpw.mods.modlauncher.api.TargetType@56f6d40b {Lnet/minecraft/world/level/block/FlowerPotBlock;} {} {V}
[20Jul2025 19:23:51.168] [main/DEBUG] [cpw.mods.modlauncher.TransformStore/MODLAUNCHER]: Adding transformer net.neoforged.neoforge.coremods.MethodRedirector@4a8df3e2 to Target : cpw.mods.modlauncher.api.TargetType@56f6d40b {Lnet/minecraft/world/entity/monster/Zombie;} {} {V}
[20Jul2025 19:23:51.168] [main/DEBUG] [cpw.mods.modlauncher.TransformStore/MODLAUNCHER]: Adding transformer net.neoforged.neoforge.coremods.MethodRedirector@4a8df3e2 to Target : cpw.mods.modlauncher.api.TargetType@56f6d40b {Lnet/minecraft/world/entity/monster/Spider;} {} {V}
[20Jul2025 19:23:51.168] [main/DEBUG] [cpw.mods.modlauncher.TransformStore/MODLAUNCHER]: Adding transformer net.neoforged.neoforge.coremods.MethodRedirector@4a8df3e2 to Target : cpw.mods.modlauncher.api.TargetType@56f6d40b {Lnet/minecraft/world/entity/npc/CatSpawner;} {} {V}
[20Jul2025 19:23:51.168] [main/DEBUG] [cpw.mods.modlauncher.TransformStore/MODLAUNCHER]: Adding transformer net.neoforged.neoforge.coremods.MethodRedirector@4a8df3e2 to Target : cpw.mods.modlauncher.api.TargetType@56f6d40b {Lnet/minecraft/world/level/levelgen/structure/structures/OceanRuinPieces$OceanRuinPiece;} {} {V}
[20Jul2025 19:23:51.168] [main/DEBUG] [cpw.mods.modlauncher.TransformStore/MODLAUNCHER]: Adding transformer net.neoforged.neoforge.coremods.MethodRedirector@4a8df3e2 to Target : cpw.mods.modlauncher.api.TargetType@56f6d40b {Lnet/minecraft/server/commands/SummonCommand;} {} {V}
[20Jul2025 19:23:51.168] [main/DEBUG] [cpw.mods.modlauncher.TransformStore/MODLAUNCHER]: Adding transformer net.neoforged.neoforge.coremods.MethodRedirector@4a8df3e2 to Target : cpw.mods.modlauncher.api.TargetType@56f6d40b {Lnet/minecraft/world/level/levelgen/structure/structures/WoodlandMansionPieces$WoodlandMansionPiece;} {} {V}
[20Jul2025 19:23:51.168] [main/DEBUG] [cpw.mods.modlauncher.TransformStore/MODLAUNCHER]: Adding transformer net.neoforged.neoforge.coremods.MethodRedirector@4a8df3e2 to Target : cpw.mods.modlauncher.api.TargetType@56f6d40b {Lnet/minecraft/world/level/levelgen/PhantomSpawner;} {} {V}
[20Jul2025 19:23:51.168] [main/DEBUG] [cpw.mods.modlauncher.TransformStore/MODLAUNCHER]: Adding transformer net.neoforged.neoforge.coremods.MethodRedirector@4a8df3e2 to Target : cpw.mods.modlauncher.api.TargetType@56f6d40b {Lnet/minecraft/world/entity/npc/Villager;} {} {V}
[20Jul2025 19:23:51.168] [main/DEBUG] [cpw.mods.modlauncher.TransformStore/MODLAUNCHER]: Adding transformer net.neoforged.neoforge.coremods.MethodRedirector@4a8df3e2 to Target : cpw.mods.modlauncher.api.TargetType@56f6d40b {Lnet/minecraft/world/entity/raid/Raid;} {} {V}
[20Jul2025 19:23:51.168] [main/DEBUG] [cpw.mods.modlauncher.TransformStore/MODLAUNCHER]: Adding transformer net.neoforged.neoforge.coremods.MethodRedirector@4a8df3e2 to Target : cpw.mods.modlauncher.api.TargetType@56f6d40b {Lnet/minecraft/world/level/NaturalSpawner;} {} {V}
[20Jul2025 19:23:51.168] [main/DEBUG] [cpw.mods.modlauncher.TransformStore/MODLAUNCHER]: Adding transformer net.neoforged.neoforge.coremods.MethodRedirector@4a8df3e2 to Target : cpw.mods.modlauncher.api.TargetType@56f6d40b {Lnet/minecraft/world/entity/animal/frog/Tadpole;} {} {V}
[20Jul2025 19:23:51.168] [main/DEBUG] [cpw.mods.modlauncher.TransformStore/MODLAUNCHER]: Adding transformer net.neoforged.neoforge.coremods.MethodRedirector@4a8df3e2 to Target : cpw.mods.modlauncher.api.TargetType@56f6d40b {Lnet/minecraft/world/level/levelgen/structure/structures/OceanMonumentPieces$OceanMonumentPiece;} {} {V}
[20Jul2025 19:23:51.168] [main/DEBUG] [cpw.mods.modlauncher.TransformStore/MODLAUNCHER]: Adding transformer net.neoforged.neoforge.coremods.MethodRedirector@4a8df3e2 to Target : cpw.mods.modlauncher.api.TargetType@56f6d40b {Lnet/minecraft/server/commands/RaidCommand;} {} {V}
[20Jul2025 19:23:51.168] [main/DEBUG] [cpw.mods.modlauncher.TransformStore/MODLAUNCHER]: Adding transformer net.neoforged.neoforge.coremods.MethodRedirector@4a8df3e2 to Target : cpw.mods.modlauncher.api.TargetType@56f6d40b {Lnet/minecraft/world/entity/monster/ZombieVillager;} {} {V}
[20Jul2025 19:23:51.168] [main/DEBUG] [cpw.mods.modlauncher.TransformStore/MODLAUNCHER]: Adding transformer net.neoforged.neoforge.coremods.MethodRedirector@4a8df3e2 to Target : cpw.mods.modlauncher.api.TargetType@56f6d40b {Lnet/minecraft/world/level/levelgen/PatrolSpawner;} {} {V}
[20Jul2025 19:23:51.169] [main/DEBUG] [cpw.mods.modlauncher.TransformStore/MODLAUNCHER]: Adding transformer net.neoforged.neoforge.coremods.MethodRedirector@4a8df3e2 to Target : cpw.mods.modlauncher.api.TargetType@56f6d40b {Lnet/minecraft/world/level/levelgen/structure/structures/SwampHutPiece;} {} {V}
[20Jul2025 19:23:51.169] [main/DEBUG] [cpw.mods.modlauncher.TransformStore/MODLAUNCHER]: Adding transformer net.neoforged.neoforge.coremods.MethodRedirector@4a8df3e2 to Target : cpw.mods.modlauncher.api.TargetType@56f6d40b {Lnet/minecraft/world/entity/animal/horse/SkeletonTrapGoal;} {} {V}
[20Jul2025 19:23:51.169] [main/DEBUG] [cpw.mods.modlauncher.TransformStore/MODLAUNCHER]: Adding transformer net.neoforged.neoforge.coremods.MethodRedirector@4a8df3e2 to Target : cpw.mods.modlauncher.api.TargetType@56f6d40b {Lnet/minecraft/world/entity/EntityType;} {} {V}
[20Jul2025 19:23:51.169] [main/DEBUG] [cpw.mods.modlauncher.TransformStore/MODLAUNCHER]: Adding transformer net.neoforged.neoforge.coremods.MethodRedirector@4a8df3e2 to Target : cpw.mods.modlauncher.api.TargetType@56f6d40b {Lnet/minecraft/world/entity/monster/Strider;} {} {V}
[20Jul2025 19:23:51.169] [main/DEBUG] [cpw.mods.modlauncher.TransformStore/MODLAUNCHER]: Adding transformer net.neoforged.neoforge.coremods.MethodRedirector@4a8df3e2 to Target : cpw.mods.modlauncher.api.TargetType@56f6d40b {Lnet/minecraft/world/level/levelgen/structure/templatesystem/StructureTemplate;} {} {V}
[20Jul2025 19:23:51.169] [main/DEBUG] [cpw.mods.modlauncher.TransformStore/MODLAUNCHER]: Adding transformer net.neoforged.neoforge.coremods.MethodRedirector@4a8df3e2 to Target : cpw.mods.modlauncher.api.TargetType@56f6d40b {Lnet/minecraft/world/entity/ai/village/VillageSiege;} {} {V}
[20Jul2025 19:23:51.169] [main/DEBUG] [cpw.mods.modlauncher.TransformStore/MODLAUNCHER]: Adding transformer net.neoforged.neoforge.coremods.MethodRedirector@4a8df3e2 to Target : cpw.mods.modlauncher.api.TargetType@56f6d40b {Lnet/minecraft/world/entity/monster/Evoker$EvokerSummonSpellGoal;} {} {V}
[20Jul2025 19:23:51.169] [main/DEBUG] [cpw.mods.modlauncher.TransformationServiceDecorator/MODLAUNCHER]: Initialized transformers for transformation service fml
[20Jul2025 19:23:51.464] [main/DEBUG] [mixin/]: Processing prepare() for PlatformAgent[MixinPlatformAgentDefault:ModLauncher Root Container(ModLauncher:4f56a0a2)]
[20Jul2025 19:23:51.464] [main/DEBUG] [mixin/]: Processing prepare() for PlatformAgent[MixinPlatformAgentDefault:net.neoforged.fml.loading.mixin.FMLMixinContainerHandle@345cf395]
[20Jul2025 19:23:51.464] [main/DEBUG] [mixin/]: Processing prepare() for PlatformAgent[FMLMixinPlatformAgent:null]
[20Jul2025 19:23:51.532] [main/DEBUG] [mixin/]: Compatibility level JAVA_21 specified by curios.mixins.json is higher than the maximum level supported by this version of mixin (JAVA_13).
[20Jul2025 19:23:51.538] [main/INFO] [mixin/]: Compatibility level set to JAVA_21
[20Jul2025 19:23:51.541] [main/DEBUG] [mixin/]: Processing launch tasks for PlatformAgent[MixinPlatformAgentDefault:ModLauncher Root Container(ModLauncher:4f56a0a2)]
[20Jul2025 19:23:51.542] [main/DEBUG] [mixin/]: Adding mixin platform agents for container SecureJarResource(mixin_synthetic)
[20Jul2025 19:23:51.542] [main/DEBUG] [mixin/]: Instancing new MixinPlatformAgentMinecraftForge for SecureJarResource(mixin_synthetic)
[20Jul2025 19:23:51.542] [main/DEBUG] [mixin/]: MixinPlatformAgentMinecraftForge rejected container SecureJarResource(mixin_synthetic)
[20Jul2025 19:23:51.542] [main/DEBUG] [mixin/]: Instancing new MixinPlatformAgentDefault for SecureJarResource(mixin_synthetic)
[20Jul2025 19:23:51.542] [main/DEBUG] [mixin/]: MixinPlatformAgentDefault accepted container SecureJarResource(mixin_synthetic)
[20Jul2025 19:23:51.542] [main/DEBUG] [mixin/]: Instancing new FMLMixinPlatformAgent for SecureJarResource(mixin_synthetic)
[20Jul2025 19:23:51.542] [main/DEBUG] [mixin/]: FMLMixinPlatformAgent rejected container SecureJarResource(mixin_synthetic)
[20Jul2025 19:23:51.542] [main/DEBUG] [mixin/]: Processing prepare() for PlatformAgent[MixinPlatformAgentDefault:SecureJarResource(mixin_synthetic)]
[20Jul2025 19:23:51.542] [main/DEBUG] [mixin/]: Adding mixin platform agents for container SecureJarResource(minecraft)
[20Jul2025 19:23:51.542] [main/DEBUG] [mixin/]: Instancing new MixinPlatformAgentMinecraftForge for SecureJarResource(minecraft)
[20Jul2025 19:23:51.542] [main/DEBUG] [mixin/]: MixinPlatformAgentMinecraftForge rejected container SecureJarResource(minecraft)
[20Jul2025 19:23:51.542] [main/DEBUG] [mixin/]: Instancing new MixinPlatformAgentDefault for SecureJarResource(minecraft)
[20Jul2025 19:23:51.543] [main/DEBUG] [mixin/]: MixinPlatformAgentDefault accepted container SecureJarResource(minecraft)
[20Jul2025 19:23:51.543] [main/DEBUG] [mixin/]: Instancing new FMLMixinPlatformAgent for SecureJarResource(minecraft)
[20Jul2025 19:23:51.543] [main/DEBUG] [mixin/]: FMLMixinPlatformAgent rejected container SecureJarResource(minecraft)
[20Jul2025 19:23:51.543] [main/DEBUG] [mixin/]: Processing prepare() for PlatformAgent[MixinPlatformAgentDefault:SecureJarResource(minecraft)]
[20Jul2025 19:23:51.543] [main/DEBUG] [mixin/]: Adding mixin platform agents for container SecureJarResource(curios)
[20Jul2025 19:23:51.543] [main/DEBUG] [mixin/]: Instancing new MixinPlatformAgentMinecraftForge for SecureJarResource(curios)
[20Jul2025 19:23:51.543] [main/DEBUG] [mixin/]: MixinPlatformAgentMinecraftForge rejected container SecureJarResource(curios)
[20Jul2025 19:23:51.543] [main/DEBUG] [mixin/]: Instancing new MixinPlatformAgentDefault for SecureJarResource(curios)
[20Jul2025 19:23:51.543] [main/DEBUG] [mixin/]: MixinPlatformAgentDefault accepted container SecureJarResource(curios)
[20Jul2025 19:23:51.543] [main/DEBUG] [mixin/]: Instancing new FMLMixinPlatformAgent for SecureJarResource(curios)
[20Jul2025 19:23:51.543] [main/DEBUG] [mixin/]: FMLMixinPlatformAgent rejected container SecureJarResource(curios)
[20Jul2025 19:23:51.543] [main/DEBUG] [mixin/]: Processing prepare() for PlatformAgent[MixinPlatformAgentDefault:SecureJarResource(curios)]
[20Jul2025 19:23:51.543] [main/DEBUG] [mixin/]: Adding mixin platform agents for container SecureJarResource(mcrshorts)
[20Jul2025 19:23:51.543] [main/DEBUG] [mixin/]: Instancing new MixinPlatformAgentMinecraftForge for SecureJarResource(mcrshorts)
[20Jul2025 19:23:51.543] [main/DEBUG] [mixin/]: MixinPlatformAgentMinecraftForge rejected container SecureJarResource(mcrshorts)
[20Jul2025 19:23:51.543] [main/DEBUG] [mixin/]: Instancing new MixinPlatformAgentDefault for SecureJarResource(mcrshorts)
[20Jul2025 19:23:51.543] [main/DEBUG] [mixin/]: MixinPlatformAgentDefault accepted container SecureJarResource(mcrshorts)
[20Jul2025 19:23:51.543] [main/DEBUG] [mixin/]: Instancing new FMLMixinPlatformAgent for SecureJarResource(mcrshorts)
[20Jul2025 19:23:51.543] [main/DEBUG] [mixin/]: FMLMixinPlatformAgent rejected container SecureJarResource(mcrshorts)
[20Jul2025 19:23:51.543] [main/DEBUG] [mixin/]: Processing prepare() for PlatformAgent[MixinPlatformAgentDefault:SecureJarResource(mcrshorts)]
[20Jul2025 19:23:51.543] [main/DEBUG] [mixin/]: Adding mixin platform agents for container SecureJarResource(mixinextras.neoforge)
[20Jul2025 19:23:51.543] [main/DEBUG] [mixin/]: Instancing new MixinPlatformAgentMinecraftForge for SecureJarResource(mixinextras.neoforge)
[20Jul2025 19:23:51.543] [main/DEBUG] [mixin/]: MixinPlatformAgentMinecraftForge rejected container SecureJarResource(mixinextras.neoforge)
[20Jul2025 19:23:51.543] [main/DEBUG] [mixin/]: Instancing new MixinPlatformAgentDefault for SecureJarResource(mixinextras.neoforge)
[20Jul2025 19:23:51.543] [main/DEBUG] [mixin/]: MixinPlatformAgentDefault accepted container SecureJarResource(mixinextras.neoforge)
[20Jul2025 19:23:51.543] [main/DEBUG] [mixin/]: Instancing new FMLMixinPlatformAgent for SecureJarResource(mixinextras.neoforge)
[20Jul2025 19:23:51.543] [main/DEBUG] [mixin/]: FMLMixinPlatformAgent rejected container SecureJarResource(mixinextras.neoforge)
[20Jul2025 19:23:51.543] [main/DEBUG] [mixin/]: Processing prepare() for PlatformAgent[MixinPlatformAgentDefault:SecureJarResource(mixinextras.neoforge)]
[20Jul2025 19:23:51.543] [main/DEBUG] [mixin/]: Registering mixin config: mixinextras.init.mixins.json source=SecureJarResource(mixinextras.neoforge)
[20Jul2025 19:23:51.544] [main/DEBUG] [mixin/]: inject() running with 7 agents
[20Jul2025 19:23:51.545] [main/DEBUG] [mixin/]: Processing inject() for PlatformAgent[MixinPlatformAgentDefault:ModLauncher Root Container(ModLauncher:4f56a0a2)]
[20Jul2025 19:23:51.545] [main/DEBUG] [mixin/]: Processing inject() for PlatformAgent[MixinPlatformAgentDefault:net.neoforged.fml.loading.mixin.FMLMixinContainerHandle@345cf395]
[20Jul2025 19:23:51.545] [main/DEBUG] [mixin/]: Processing inject() for PlatformAgent[FMLMixinPlatformAgent:null]
[20Jul2025 19:23:51.545] [main/DEBUG] [mixin/]: Processing inject() for PlatformAgent[MixinPlatformAgentDefault:SecureJarResource(mixin_synthetic)]
[20Jul2025 19:23:51.545] [main/DEBUG] [mixin/]: Processing inject() for PlatformAgent[MixinPlatformAgentDefault:SecureJarResource(minecraft)]
[20Jul2025 19:23:51.545] [main/DEBUG] [mixin/]: Processing inject() for PlatformAgent[MixinPlatformAgentDefault:SecureJarResource(curios)]
[20Jul2025 19:23:51.545] [main/DEBUG] [mixin/]: Processing inject() for PlatformAgent[MixinPlatformAgentDefault:SecureJarResource(mcrshorts)]
[20Jul2025 19:23:51.545] [main/DEBUG] [mixin/]: Processing inject() for PlatformAgent[MixinPlatformAgentDefault:SecureJarResource(mixinextras.neoforge)]
[20Jul2025 19:23:51.545] [main/INFO] [cpw.mods.modlauncher.LaunchServiceHandler/MODLAUNCHER]: Launching target 'neoforgeclientdev' with arguments [--version, 21.4.137, --gameDir, ., --assetsDir, C:\Users\peiranyu\.mcreator\gradle\caches\neoformruntime\assets, --assetIndex, 19]
[20Jul2025 19:23:51.627] [main/DEBUG] [mixin/]: Preparing mixins for MixinEnvironment[DEFAULT]
[20Jul2025 19:23:51.627] [main/DEBUG] [mixin/]: Selecting config curios.mixins.json
[20Jul2025 19:23:51.636] [main/WARN] [mixin/]: Reference map 'curios.refmap.json' for curios.mixins.json could not be read. If this is a development environment you can ignore this message
[20Jul2025 19:23:51.636] [main/DEBUG] [mixin/]: Selecting config neoforge.mixins.json
[20Jul2025 19:23:51.636] [main/DEBUG] [mixin/]: Selecting config mixinextras.init.mixins.json
[20Jul2025 19:23:51.696] [main/DEBUG] [MixinExtras|Service/]: com.llamalad7.mixinextras.service.MixinExtrasServiceImpl(version=0.4.1) is taking over from null
[20Jul2025 19:23:51.770] [main/DEBUG] [mixin/]: Registering new injector for @Inject with org.spongepowered.asm.mixin.injection.struct.CallbackInjectionInfo
[20Jul2025 19:23:51.772] [main/DEBUG] [mixin/]: Registering new injector for @ModifyArg with org.spongepowered.asm.mixin.injection.struct.ModifyArgInjectionInfo
[20Jul2025 19:23:51.773] [main/DEBUG] [mixin/]: Registering new injector for @ModifyArgs with org.spongepowered.asm.mixin.injection.struct.ModifyArgsInjectionInfo
[20Jul2025 19:23:51.775] [main/DEBUG] [mixin/]: Registering new injector for @Redirect with org.spongepowered.asm.mixin.injection.struct.RedirectInjectionInfo
[20Jul2025 19:23:51.776] [main/DEBUG] [mixin/]: Registering new injector for @ModifyVariable with org.spongepowered.asm.mixin.injection.struct.ModifyVariableInjectionInfo
[20Jul2025 19:23:51.778] [main/DEBUG] [mixin/]: Registering new injector for @ModifyConstant with org.spongepowered.asm.mixin.injection.struct.ModifyConstantInjectionInfo
[20Jul2025 19:23:51.789] [main/DEBUG] [mixin/]: Preparing curios.mixins.json (11)
[20Jul2025 19:23:51.916] [main/DEBUG] [mixin/]: Preparing neoforge.mixins.json (2)
[20Jul2025 19:23:51.921] [main/DEBUG] [mixin/]: Preparing mixinextras.init.mixins.json (0)
[20Jul2025 19:23:51.934] [main/DEBUG] [mixin/]: Prepared 13 mixins in 0.306 sec (23.5ms avg) (0ms load, 0ms transform, 0ms plugin)
[20Jul2025 19:23:52.356] [main/DEBUG] [io.netty.util.internal.logging.InternalLoggerFactory/]: Using SLF4J as the default logging framework
[20Jul2025 19:23:52.362] [main/DEBUG] [io.netty.util.ResourceLeakDetector/]: -Dio.netty.leakDetection.level: simple
[20Jul2025 19:23:52.362] [main/DEBUG] [io.netty.util.ResourceLeakDetector/]: -Dio.netty.leakDetection.targetRecords: 4
[20Jul2025 19:23:52.803] [main/INFO] [MixinExtras|Service/]: Initializing MixinExtras via com.llamalad7.mixinextras.service.MixinExtrasServiceImpl(version=0.4.1).
[20Jul2025 19:23:52.804] [main/DEBUG] [mixin/]: Registering new injector for @SugarWrapper with com.llamalad7.mixinextras.sugar.impl.SugarWrapperInjectionInfo
[20Jul2025 19:23:52.804] [main/DEBUG] [mixin/]: Registering new injector for @FactoryRedirectWrapper with com.llamalad7.mixinextras.wrapper.factory.FactoryRedirectWrapperInjectionInfo
[20Jul2025 19:23:52.806] [main/DEBUG] [mixin/]: Mixing MixinV1460 from curios.mixins.json into net.minecraft.util.datafix.schemas.V1460
[20Jul2025 19:23:52.860] [main/DEBUG] [mixin/]: curios.mixins.json:MixinV1460 from mod curios->@Inject::captureSchema(Lcom/mojang/datafixers/schemas/Schema;Ljava/util/Map;Ljava/util/Map;Lorg/spongepowered/asm/mixin/injection/callback/CallbackInfo;)V doesn't use it's CallbackInfo
[20Jul2025 19:23:52.860] [main/DEBUG] [mixin/]: curios.mixins.json:MixinV1460 from mod curios->@Inject::captureSchema(Lcom/mojang/datafixers/schemas/Schema;Ljava/util/Map;Ljava/util/Map;Lorg/spongepowered/asm/mixin/injection/callback/CallbackInfo;)V has 0 override(s) in child classes
[20Jul2025 19:23:52.860] [main/DEBUG] [mixin/]: curios.mixins.json:MixinV1460 from mod curios->@Inject::captureSchema(Lcom/mojang/datafixers/schemas/Schema;Ljava/util/Map;Ljava/util/Map;Lorg/spongepowered/asm/mixin/injection/callback/CallbackInfo;)V won't be passed a CallbackInfo as a result
[20Jul2025 19:23:52.902] [main/DEBUG] [mixin/]: Mixing MixinLivingEntity from curios.mixins.json into net.minecraft.world.entity.LivingEntity
[20Jul2025 19:23:52.907] [main/DEBUG] [mixin/]: curios.mixins.json:MixinLivingEntity from mod curios->@Inject::curio$canFreeze(Lorg/spongepowered/asm/mixin/injection/callback/CallbackInfoReturnable;)V does use it's CallbackInfoReturnable
[20Jul2025 19:23:52.945] [main/DEBUG] [mixin/]: Mixing AccessorEntity from curios.mixins.json into net.minecraft.world.entity.Entity
[20Jul2025 19:23:53.302] [main/DEBUG] [oshi.util.FileUtil/]: No oshi.properties file found from ClassLoader cpw.mods.modlauncher.TransformingClassLoader@39e67516
[20Jul2025 19:23:53.601] [Datafixer Bootstrap/INFO] [com.mojang.datafixers.DataFixerBuilder/]: 246 Datafixer optimizations took 339 milliseconds
[20Jul2025 19:23:53.723] [main/DEBUG] [oshi.util.FileUtil/]: No oshi.architecture.properties file found from ClassLoader cpw.mods.modlauncher.TransformingClassLoader@39e67516
[20Jul2025 19:23:53.790] [pool-8-thread-1/DEBUG] [mixin/]: Mixing MappedRegistryAccessor from neoforge.mixins.json into net.minecraft.core.MappedRegistry
[20Jul2025 19:23:54.362] [pool-8-thread-1/DEBUG] [mixin/]: Mixing BlockEntityTypeAccessor from neoforge.mixins.json into net.minecraft.world.level.block.entity.BlockEntityType
[20Jul2025 19:23:54.926] [pool-8-thread-1/DEBUG] [mixin/]: Mixing MixinPowderSnowBlock from curios.mixins.json into net.minecraft.world.level.block.PowderSnowBlock
[20Jul2025 19:23:54.931] [pool-8-thread-1/DEBUG] [mixin/]: curios.mixins.json:MixinPowderSnowBlock from mod curios->@Inject::curios$canEntityWalkOnPowderSnow(Lnet/minecraft/world/entity/Entity;Lorg/spongepowered/asm/mixin/injection/callback/CallbackInfoReturnable;)V does use it's CallbackInfoReturnable
[20Jul2025 19:23:54.932] [pool-8-thread-1/DEBUG] [mixin/]: curios.mixins.json:MixinPowderSnowBlock from mod curios->@Inject::curios$canEntityWalkOnPowderSnow(Lnet/minecraft/world/entity/Entity;Lorg/spongepowered/asm/mixin/injection/callback/CallbackInfoReturnable;)V does use it's CallbackInfoReturnable
[20Jul2025 19:23:55.436] [pool-8-thread-1/DEBUG] [io.netty.util.internal.PlatformDependent0/]: -Dio.netty.noUnsafe: false
[20Jul2025 19:23:55.436] [pool-8-thread-1/DEBUG] [io.netty.util.internal.PlatformDependent0/]: Java version: 21
[20Jul2025 19:23:55.436] [pool-8-thread-1/DEBUG] [io.netty.util.internal.PlatformDependent0/]: sun.misc.Unsafe.theUnsafe: available
[20Jul2025 19:23:55.438] [pool-8-thread-1/DEBUG] [io.netty.util.internal.PlatformDependent0/]: sun.misc.Unsafe base methods: all available
[20Jul2025 19:23:55.438] [pool-8-thread-1/DEBUG] [io.netty.util.internal.PlatformDependent0/]: sun.misc.Unsafe.storeFence: available
[20Jul2025 19:23:55.438] [pool-8-thread-1/DEBUG] [io.netty.util.internal.PlatformDependent0/]: java.nio.Buffer.address: available
[20Jul2025 19:23:55.439] [pool-8-thread-1/DEBUG] [io.netty.util.internal.PlatformDependent0/]: direct buffer constructor: unavailable: Reflective setAccessible(true) disabled
[20Jul2025 19:23:55.439] [pool-8-thread-1/DEBUG] [io.netty.util.internal.PlatformDependent0/]: java.nio.Bits.unaligned: available, true
[20Jul2025 19:23:55.440] [pool-8-thread-1/DEBUG] [io.netty.util.internal.PlatformDependent0/]: jdk.internal.misc.Unsafe.allocateUninitializedArray(int): unavailable: class io.netty.util.internal.PlatformDependent0$7 (in module io.netty.common) cannot access class jdk.internal.misc.Unsafe (in module java.base) because module java.base does not export jdk.internal.misc to module io.netty.common
[20Jul2025 19:23:55.441] [pool-8-thread-1/DEBUG] [io.netty.util.internal.PlatformDependent0/]: java.nio.DirectByteBuffer.<init>(long, {int,long}): unavailable
[20Jul2025 19:23:55.441] [pool-8-thread-1/DEBUG] [io.netty.util.internal.PlatformDependent/]: sun.misc.Unsafe: available
[20Jul2025 19:23:55.441] [pool-8-thread-1/DEBUG] [io.netty.util.internal.PlatformDependent/]: -Dio.netty.tmpdir: C:\Users\peiranyu\AppData\Local\Temp (java.io.tmpdir)
[20Jul2025 19:23:55.441] [pool-8-thread-1/DEBUG] [io.netty.util.internal.PlatformDependent/]: -Dio.netty.bitMode: 64 (sun.arch.data.model)
[20Jul2025 19:23:55.442] [pool-8-thread-1/DEBUG] [io.netty.util.internal.PlatformDependent/]: Platform: Windows
[20Jul2025 19:23:55.442] [pool-8-thread-1/DEBUG] [io.netty.util.internal.PlatformDependent/]: -Dio.netty.maxDirectMemory: -1 bytes
[20Jul2025 19:23:55.442] [pool-8-thread-1/DEBUG] [io.netty.util.internal.PlatformDependent/]: -Dio.netty.uninitializedArrayAllocationThreshold: -1
[20Jul2025 19:23:55.444] [pool-8-thread-1/DEBUG] [io.netty.util.internal.CleanerJava9/]: java.nio.ByteBuffer.cleaner(): available
[20Jul2025 19:23:55.444] [pool-8-thread-1/DEBUG] [io.netty.util.internal.PlatformDependent/]: -Dio.netty.noPreferDirect: false
[20Jul2025 19:23:55.472] [pool-8-thread-1/DEBUG] [mixin/]: Mixing MixinNbtPredicate from curios.mixins.json into net.minecraft.advancements.critereon.NbtPredicate
[20Jul2025 19:23:56.274] [pool-8-thread-1/DEBUG] [mixin/]: Mixing MixinInventory from curios.mixins.json into net.minecraft.world.entity.player.Inventory
[20Jul2025 19:23:56.284] [pool-8-thread-1/DEBUG] [mixin/]: curios.mixins.json:MixinInventory from mod curios->@Inject::curios$containsStack(Lnet/minecraft/world/item/ItemStack;Lorg/spongepowered/asm/mixin/injection/callback/CallbackInfoReturnable;)V does use it's CallbackInfoReturnable
[20Jul2025 19:23:56.285] [pool-8-thread-1/DEBUG] [mixin/]: curios.mixins.json:MixinInventory from mod curios->@Inject::curios$containsTag(Lnet/minecraft/tags/TagKey;Lorg/spongepowered/asm/mixin/injection/callback/CallbackInfoReturnable;)V does use it's CallbackInfoReturnable
[20Jul2025 19:23:56.285] [pool-8-thread-1/DEBUG] [mixin/]: curios.mixins.json:MixinInventory from mod curios->@Inject::curios$contains(Ljava/util/function/Predicate;Lorg/spongepowered/asm/mixin/injection/callback/CallbackInfoReturnable;)V does use it's CallbackInfoReturnable
[20Jul2025 19:23:56.285] [pool-8-thread-1/DEBUG] [mixin/]: curios.mixins.json:MixinInventory from mod curios->@Inject::curios$hasAnyMatching(Ljava/util/function/Predicate;Lorg/spongepowered/asm/mixin/injection/callback/CallbackInfoReturnable;)V does use it's CallbackInfoReturnable
[20Jul2025 19:23:56.385] [pool-8-thread-1/DEBUG] [mixin/]: Mixing MixinEnchantedCountIncreaseFunction from curios.mixins.json into net.minecraft.world.level.storage.loot.functions.EnchantedCountIncreaseFunction
[20Jul2025 19:23:56.406] [pool-8-thread-1/DEBUG] [mixin/]: Mixing MixinApplyBonusCount from curios.mixins.json into net.minecraft.world.level.storage.loot.functions.ApplyBonusCount
[20Jul2025 19:23:57.172] [main/WARN] [net.minecraft.commands.Commands/]: Ambiguity between arguments [teleport, location] and [teleport, destination] with inputs: [0.1 -0.5 .9, 0 0 0]
[20Jul2025 19:23:57.174] [main/WARN] [net.minecraft.commands.Commands/]: Ambiguity between arguments [teleport, location] and [teleport, targets] with inputs: [0.1 -0.5 .9, 0 0 0]
[20Jul2025 19:23:57.175] [main/WARN] [net.minecraft.commands.Commands/]: Ambiguity between arguments [teleport, destination] and [teleport, targets] with inputs: [Player, 0123, @e, dd12be42-52a9-4a91-a8a1-11c01849e498]
[20Jul2025 19:23:57.176] [main/WARN] [net.minecraft.commands.Commands/]: Ambiguity between arguments [teleport, targets] and [teleport, destination] with inputs: [Player, 0123, dd12be42-52a9-4a91-a8a1-11c01849e498]
[20Jul2025 19:23:57.177] [main/WARN] [net.minecraft.commands.Commands/]: Ambiguity between arguments [teleport, targets, location] and [teleport, targets, destination] with inputs: [0.1 -0.5 .9, 0 0 0]
[20Jul2025 19:23:57.276] [Render thread/WARN] [net.minecraft.server.packs.VanillaPackResourcesBuilder/]: Assets URL 'union:/E:/MCreator/Workspaces/mcrshorts/build/moddev/artifacts/neoforge-21.4.137.jar%23215!/assets/.mcassetsroot' uses unexpected schema
[20Jul2025 19:23:57.277] [Render thread/WARN] [net.minecraft.server.packs.VanillaPackResourcesBuilder/]: Assets URL 'union:/E:/MCreator/Workspaces/mcrshorts/build/moddev/artifacts/neoforge-21.4.137.jar%23215!/data/.mcassetsroot' uses unexpected schema
[20Jul2025 19:23:57.299] [Render thread/INFO] [com.mojang.authlib.yggdrasil.YggdrasilAuthenticationService/]: Environment: Environment[sessionHost=https://sessionserver.mojang.com, servicesHost=https://api.minecraftservices.com, name=PROD]
[20Jul2025 19:23:57.307] [Render thread/INFO] [net.minecraft.client.Minecraft/]: Setting user: Dev
[20Jul2025 19:23:57.362] [Render thread/INFO] [net.minecraft.client.Minecraft/]: Backend library: LWJGL version 3.3.3+5
[20Jul2025 19:23:57.480] [Render thread/DEBUG] [net.neoforged.fml.ModWorkManager/LOADING]: Using 32 threads for parallel mod-loading
[20Jul2025 19:23:57.485] [Render thread/DEBUG] [net.neoforged.fml.javafmlmod.FMLModContainer/LOADING]: Creating FMLModContainer instance for [top.theillusivec4.curios.CuriosCommonMod, top.theillusivec4.curios.client.CuriosClientMod]
[20Jul2025 19:23:57.487] [Render thread/DEBUG] [net.neoforged.fml.javafmlmod.FMLModContainer/LOADING]: Creating FMLModContainer instance for [net.neoforged.neoforge.common.NeoForgeMod, net.neoforged.neoforge.client.ClientNeoForgeMod]
[20Jul2025 19:23:57.490] [Render thread/DEBUG] [net.neoforged.fml.javafmlmod.FMLModContainer/LOADING]: Creating FMLModContainer instance for [net.mcreator.mcrshorts.McrshortsMod]
[20Jul2025 19:23:57.537] [modloading-worker-0/DEBUG] [net.neoforged.neoforge.internal.versions.neoforge.NeoForgeVersion/CORE]: Found NeoForge version 21.4.137
[20Jul2025 19:23:57.537] [modloading-worker-0/DEBUG] [net.neoforged.neoforge.internal.versions.neoforge.NeoForgeVersion/CORE]: Found FML version 6.0.11
[20Jul2025 19:23:57.537] [modloading-worker-0/INFO] [net.neoforged.neoforge.common.NeoForgeMod/NEOFORGE-MOD]: NeoForge mod loading, version 21.4.137, for MC 1.21.4
[20Jul2025 19:23:57.549] [modloading-worker-0/DEBUG] [net.neoforged.fml.config.ConfigTracker/CONFIG]: Config file neoforge-client.toml for neoforge tracking
[20Jul2025 19:23:57.549] [modloading-worker-0/DEBUG] [net.neoforged.fml.config.ConfigTracker/CONFIG]: Config file neoforge-server.toml for neoforge tracking
[20Jul2025 19:23:57.549] [modloading-worker-0/DEBUG] [net.neoforged.fml.config.ConfigTracker/CONFIG]: Config file curios-client.toml for curios tracking
[20Jul2025 19:23:57.549] [modloading-worker-0/DEBUG] [net.neoforged.fml.config.ConfigTracker/CONFIG]: Config file neoforge-common.toml for neoforge tracking
[20Jul2025 19:23:57.553] [modloading-worker-0/DEBUG] [net.neoforged.fml.config.ConfigTracker/CONFIG]: Config file curios-common.toml for curios tracking
[20Jul2025 19:23:57.554] [modloading-worker-0/DEBUG] [net.neoforged.fml.config.ConfigTracker/CONFIG]: Config file curios-server.toml for curios tracking
[20Jul2025 19:23:57.560] [modloading-worker-0/DEBUG] [net.neoforged.fml.javafmlmod.AutomaticEventSubscriber/LOADING]: Attempting to inject @EventBusSubscriber classes into the eventbus for curios
[20Jul2025 19:23:57.635] [modloading-worker-0/DEBUG] [net.neoforged.fml.javafmlmod.AutomaticEventSubscriber/LOADING]: Attempting to inject @EventBusSubscriber classes into the eventbus for neoforge
[20Jul2025 19:23:57.639] [modloading-worker-0/DEBUG] [net.neoforged.fml.javafmlmod.AutomaticEventSubscriber/LOADING]: Auto-subscribing net.neoforged.neoforge.server.command.ConfigCommand to GAME
[20Jul2025 19:23:57.639] [modloading-worker-0/DEBUG] [net.neoforged.fml.javafmlmod.AutomaticEventSubscriber/LOADING]: Auto-subscribing net.neoforged.neoforge.network.filters.GenericPacketSplitter to MOD
[20Jul2025 19:23:57.658] [modloading-worker-0/DEBUG] [io.netty.buffer.AbstractByteBuf/]: -Dio.netty.buffer.checkAccessible: true
[20Jul2025 19:23:57.658] [modloading-worker-0/DEBUG] [io.netty.buffer.AbstractByteBuf/]: -Dio.netty.buffer.checkBounds: true
[20Jul2025 19:23:57.659] [modloading-worker-0/DEBUG] [io.netty.util.ResourceLeakDetectorFactory/]: Loaded default ResourceLeakDetector: io.netty.util.ResourceLeakDetector@629d5c29
[20Jul2025 19:23:57.662] [Yggdrasil Key Fetcher/ERROR] [com.mojang.authlib.yggdrasil.YggdrasilServicesKeyInfo/]: Failed to request yggdrasil public key
com.mojang.authlib.exceptions.MinecraftClientException: Failed to read from https://api.minecraftservices.com/publickeys due to Connection reset
	at MC-BOOTSTRAP/authlib@6.0.57/com.mojang.authlib.minecraft.client.MinecraftClient.readInputStream(MinecraftClient.java:111) ~[authlib-6.0.57.jar%23136!/:?]
	at MC-BOOTSTRAP/authlib@6.0.57/com.mojang.authlib.minecraft.client.MinecraftClient.get(MinecraftClient.java:56) ~[authlib-6.0.57.jar%23136!/:?]
	at MC-BOOTSTRAP/authlib@6.0.57/com.mojang.authlib.yggdrasil.YggdrasilServicesKeyInfo.fetch(YggdrasilServicesKeyInfo.java:114) ~[authlib-6.0.57.jar%23136!/:?]
	at MC-BOOTSTRAP/authlib@6.0.57/com.mojang.authlib.yggdrasil.YggdrasilServicesKeyInfo$1.run(YggdrasilServicesKeyInfo.java:89) ~[authlib-6.0.57.jar%23136!/:?]
	at java.base/java.util.concurrent.Executors$RunnableAdapter.call(Executors.java:572) ~[?:?]
	at java.base/java.util.concurrent.FutureTask.run(FutureTask.java:317) ~[?:?]
	at java.base/java.util.concurrent.ScheduledThreadPoolExecutor$ScheduledFutureTask.run(ScheduledThreadPoolExecutor.java:304) ~[?:?]
	at java.base/java.util.concurrent.ThreadPoolExecutor.runWorker(ThreadPoolExecutor.java:1144) ~[?:?]
	at java.base/java.util.concurrent.ThreadPoolExecutor$Worker.run(ThreadPoolExecutor.java:642) ~[?:?]
	at java.base/java.lang.Thread.run(Thread.java:1583) [?:?]
Caused by: java.net.SocketException: Connection reset
	at java.base/sun.nio.ch.NioSocketImpl.implRead(NioSocketImpl.java:318) ~[?:?]
	at java.base/sun.nio.ch.NioSocketImpl.read(NioSocketImpl.java:346) ~[?:?]
	at java.base/sun.nio.ch.NioSocketImpl$1.read(NioSocketImpl.java:796) ~[?:?]
	at java.base/java.net.Socket$SocketInputStream.read(Socket.java:1099) ~[?:?]
	at java.base/sun.security.ssl.SSLSocketInputRecord.read(SSLSocketInputRecord.java:489) ~[?:?]
	at java.base/sun.security.ssl.SSLSocketInputRecord.readHeader(SSLSocketInputRecord.java:483) ~[?:?]
	at java.base/sun.security.ssl.SSLSocketInputRecord.decode(SSLSocketInputRecord.java:160) ~[?:?]
	at java.base/sun.security.ssl.SSLTransport.decode(SSLTransport.java:111) ~[?:?]
	at java.base/sun.security.ssl.SSLSocketImpl.decode(SSLSocketImpl.java:1506) ~[?:?]
	at java.base/sun.security.ssl.SSLSocketImpl.readHandshakeRecord(SSLSocketImpl.java:1421) ~[?:?]
	at java.base/sun.security.ssl.SSLSocketImpl.startHandshake(SSLSocketImpl.java:455) ~[?:?]
	at java.base/sun.security.ssl.SSLSocketImpl.startHandshake(SSLSocketImpl.java:426) ~[?:?]
	at java.base/sun.net.www.protocol.https.HttpsClient.afterConnect(HttpsClient.java:586) ~[?:?]
	at java.base/sun.net.www.protocol.https.AbstractDelegateHttpsURLConnection.connect(AbstractDelegateHttpsURLConnection.java:187) ~[?:?]
	at java.base/sun.net.www.protocol.http.HttpURLConnection.getInputStream0(HttpURLConnection.java:1690) ~[?:?]
	at java.base/sun.net.www.protocol.http.HttpURLConnection.getInputStream(HttpURLConnection.java:1614) ~[?:?]
	at java.base/java.net.HttpURLConnection.getResponseCode(HttpURLConnection.java:531) ~[?:?]
	at java.base/sun.net.www.protocol.https.HttpsURLConnectionImpl.getResponseCode(HttpsURLConnectionImpl.java:307) ~[?:?]
	at MC-BOOTSTRAP/authlib@6.0.57/com.mojang.authlib.minecraft.client.MinecraftClient.readInputStream(MinecraftClient.java:82) ~[authlib-6.0.57.jar%23136!/:?]
	... 9 more
[20Jul2025 19:23:57.672] [modloading-worker-0/DEBUG] [io.netty.util.internal.InternalThreadLocalMap/]: -Dio.netty.threadLocalMap.stringBuilder.initialSize: 1024
[20Jul2025 19:23:57.672] [modloading-worker-0/DEBUG] [io.netty.util.internal.InternalThreadLocalMap/]: -Dio.netty.threadLocalMap.stringBuilder.maxSize: 4096
[20Jul2025 19:23:57.675] [modloading-worker-0/DEBUG] [io.netty.buffer.PooledByteBufAllocator/]: -Dio.netty.allocator.numHeapArenas: 64
[20Jul2025 19:23:57.675] [modloading-worker-0/DEBUG] [io.netty.buffer.PooledByteBufAllocator/]: -Dio.netty.allocator.numDirectArenas: 64
[20Jul2025 19:23:57.675] [modloading-worker-0/DEBUG] [io.netty.buffer.PooledByteBufAllocator/]: -Dio.netty.allocator.pageSize: 8192
[20Jul2025 19:23:57.675] [modloading-worker-0/DEBUG] [io.netty.buffer.PooledByteBufAllocator/]: -Dio.netty.allocator.maxOrder: 9
[20Jul2025 19:23:57.675] [modloading-worker-0/DEBUG] [io.netty.buffer.PooledByteBufAllocator/]: -Dio.netty.allocator.chunkSize: 4194304
[20Jul2025 19:23:57.675] [modloading-worker-0/DEBUG] [io.netty.buffer.PooledByteBufAllocator/]: -Dio.netty.allocator.smallCacheSize: 256
[20Jul2025 19:23:57.675] [modloading-worker-0/DEBUG] [io.netty.buffer.PooledByteBufAllocator/]: -Dio.netty.allocator.normalCacheSize: 64
[20Jul2025 19:23:57.676] [modloading-worker-0/DEBUG] [io.netty.buffer.PooledByteBufAllocator/]: -Dio.netty.allocator.maxCachedBufferCapacity: 32768
[20Jul2025 19:23:57.676] [modloading-worker-0/DEBUG] [io.netty.buffer.PooledByteBufAllocator/]: -Dio.netty.allocator.cacheTrimInterval: 8192
[20Jul2025 19:23:57.676] [modloading-worker-0/DEBUG] [io.netty.buffer.PooledByteBufAllocator/]: -Dio.netty.allocator.cacheTrimIntervalMillis: 0
[20Jul2025 19:23:57.676] [modloading-worker-0/DEBUG] [io.netty.buffer.PooledByteBufAllocator/]: -Dio.netty.allocator.useCacheForAllThreads: false
[20Jul2025 19:23:57.676] [modloading-worker-0/DEBUG] [io.netty.buffer.PooledByteBufAllocator/]: -Dio.netty.allocator.maxCachedByteBuffersPerChunk: 1023
[20Jul2025 19:23:57.676] [modloading-worker-0/DEBUG] [io.netty.buffer.PooledByteBufAllocator/]: -Dio.netty.allocator.disableCacheFinalizersForFastThreadLocalThreads: false
[20Jul2025 19:23:57.684] [modloading-worker-0/DEBUG] [io.netty.buffer.ByteBufUtil/]: -Dio.netty.allocator.type: pooled
[20Jul2025 19:23:57.685] [modloading-worker-0/DEBUG] [io.netty.buffer.ByteBufUtil/]: -Dio.netty.threadLocalDirectBufferSize: 0
[20Jul2025 19:23:57.685] [modloading-worker-0/DEBUG] [io.netty.buffer.ByteBufUtil/]: -Dio.netty.maxThreadLocalCharBufferSize: 16384
[20Jul2025 19:23:57.693] [modloading-worker-0/DEBUG] [net.neoforged.fml.javafmlmod.AutomaticEventSubscriber/LOADING]: Auto-subscribing net.neoforged.neoforge.network.NetworkInitialization to MOD
[20Jul2025 19:23:57.693] [modloading-worker-0/DEBUG] [net.neoforged.fml.javafmlmod.AutomaticEventSubscriber/LOADING]: Auto-subscribing net.neoforged.neoforge.network.ConfigurationInitialization to MOD
[20Jul2025 19:23:57.695] [modloading-worker-0/DEBUG] [net.neoforged.fml.javafmlmod.AutomaticEventSubscriber/LOADING]: Auto-subscribing net.neoforged.neoforge.common.MonsterRoomHooks to GAME
[20Jul2025 19:23:57.696] [modloading-worker-0/DEBUG] [net.neoforged.fml.javafmlmod.AutomaticEventSubscriber/LOADING]: Auto-subscribing net.neoforged.neoforge.client.model.data.ModelDataManager to GAME
[20Jul2025 19:23:57.697] [modloading-worker-0/DEBUG] [net.neoforged.fml.javafmlmod.AutomaticEventSubscriber/LOADING]: Auto-subscribing net.neoforged.neoforge.client.ParticleBoundsDebugRenderer to GAME
[20Jul2025 19:23:57.702] [modloading-worker-0/DEBUG] [net.neoforged.fml.javafmlmod.AutomaticEventSubscriber/LOADING]: Auto-subscribing net.neoforged.neoforge.client.ClientHooks$ClientEvents to MOD
[20Jul2025 19:23:57.717] [modloading-worker-0/DEBUG] [net.neoforged.fml.javafmlmod.AutomaticEventSubscriber/LOADING]: Auto-subscribing net.neoforged.neoforge.client.BlockEntityRenderBoundsDebugRenderer to GAME
[20Jul2025 19:23:57.717] [modloading-worker-0/DEBUG] [net.neoforged.fml.javafmlmod.AutomaticEventSubscriber/LOADING]: Auto-subscribing net.neoforged.neoforge.attachment.AttachmentInternals to GAME
[20Jul2025 19:23:57.728] [modloading-worker-0/DEBUG] [net.neoforged.fml.javafmlmod.AutomaticEventSubscriber/LOADING]: Attempting to inject @EventBusSubscriber classes into the eventbus for mcrshorts
[20Jul2025 19:23:57.728] [modloading-worker-0/DEBUG] [net.neoforged.fml.javafmlmod.AutomaticEventSubscriber/LOADING]: Auto-subscribing net.mcreator.mcrshorts.client.renderer.item.LegacyOverrideSelectItemModel to MOD
[20Jul2025 19:23:57.729] [modloading-worker-0/DEBUG] [net.neoforged.fml.javafmlmod.AutomaticEventSubscriber/LOADING]: Auto-subscribing net.mcreator.mcrshorts.init.McrshortsModConfigs to MOD
[20Jul2025 19:23:57.730] [modloading-worker-0/DEBUG] [net.neoforged.fml.javafmlmod.AutomaticEventSubscriber/LOADING]: Auto-subscribing net.mcreator.mcrshorts.init.McrshortsModCuriosProperties to MOD
[20Jul2025 19:23:57.730] [modloading-worker-0/DEBUG] [net.neoforged.fml.javafmlmod.AutomaticEventSubscriber/LOADING]: Auto-subscribing net.mcreator.mcrshorts.init.McrshortsModCuriosRenderers to MOD
[20Jul2025 19:23:57.731] [modloading-worker-0/DEBUG] [net.neoforged.fml.javafmlmod.AutomaticEventSubscriber/LOADING]: Auto-subscribing net.mcreator.mcrshorts.init.McrshortsModCuriosSlots to MOD
[20Jul2025 19:23:57.731] [modloading-worker-0/DEBUG] [net.neoforged.fml.javafmlmod.AutomaticEventSubscriber/LOADING]: Auto-subscribing net.mcreator.mcrshorts.init.McrshortsModItems$ItemsClientSideHandler to MOD
[20Jul2025 19:23:57.732] [modloading-worker-0/DEBUG] [net.neoforged.fml.javafmlmod.AutomaticEventSubscriber/LOADING]: Auto-subscribing net.mcreator.mcrshorts.init.McrshortsModModels to MOD
[20Jul2025 19:23:57.732] [modloading-worker-0/DEBUG] [net.neoforged.fml.javafmlmod.AutomaticEventSubscriber/LOADING]: Auto-subscribing net.mcreator.mcrshorts.network.McrshortsModVariables$EventBusVariableHandlers to GAME
[20Jul2025 19:23:57.732] [modloading-worker-0/DEBUG] [net.neoforged.fml.javafmlmod.AutomaticEventSubscriber/LOADING]: Auto-subscribing net.mcreator.mcrshorts.network.McrshortsModVariables to MOD
[20Jul2025 19:23:57.734] [modloading-worker-0/DEBUG] [net.neoforged.fml.javafmlmod.AutomaticEventSubscriber/LOADING]: Auto-subscribing net.mcreator.mcrshorts.procedures.CraftingXPProcedure to GAME
[20Jul2025 19:23:57.734] [modloading-worker-0/DEBUG] [net.neoforged.fml.javafmlmod.AutomaticEventSubscriber/LOADING]: Auto-subscribing net.mcreator.mcrshorts.procedures.CraftingXPTimerProcedure to GAME
[20Jul2025 19:23:57.735] [modloading-worker-0/DEBUG] [net.neoforged.fml.javafmlmod.AutomaticEventSubscriber/LOADING]: Auto-subscribing net.mcreator.mcrshorts.procedures.LifeErosion1Procedure to GAME
[20Jul2025 19:23:57.735] [modloading-worker-0/DEBUG] [net.neoforged.fml.javafmlmod.AutomaticEventSubscriber/LOADING]: Auto-subscribing net.mcreator.mcrshorts.procedures.RangeAttack1Procedure to GAME
[20Jul2025 19:23:57.737] [modloading-sync-worker/DEBUG] [net.neoforged.fml.DeferredWorkQueue/LOADING]: Dispatching synchronous work for work queue Mod Construction: 1 jobs
[20Jul2025 19:23:57.737] [modloading-sync-worker/DEBUG] [net.neoforged.fml.config.ConfigTracker/CONFIG]: Config file mcrshorts.toml for mcrshorts tracking
[20Jul2025 19:23:57.739] [modloading-sync-worker/DEBUG] [net.neoforged.fml.DeferredWorkQueue/LOADING]: Synchronous work queue completed in 996.0 μs
[20Jul2025 19:23:57.886] [modloading-sync-worker/DEBUG] [net.neoforged.fml.config.ConfigTracker/CONFIG]: Loading configs type CLIENT
[20Jul2025 19:23:57.896] [modloading-sync-worker/DEBUG] [net.neoforged.neoforge.common.NeoForgeConfig/FORGEMOD]: Loaded NeoForge config file neoforge-client.toml
[20Jul2025 19:23:57.896] [modloading-sync-worker/DEBUG] [net.neoforged.fml.config.ConfigTracker/CONFIG]: Loaded TOML config file E:\MCreator\Workspaces\mcrshorts\run\config\neoforge-client.toml
[20Jul2025 19:23:57.899] [modloading-sync-worker/DEBUG] [net.neoforged.fml.config.ConfigTracker/CONFIG]: Watching TOML config file E:\MCreator\Workspaces\mcrshorts\run\config\neoforge-client.toml for changes
[20Jul2025 19:23:57.900] [modloading-sync-worker/DEBUG] [net.neoforged.fml.config.ConfigTracker/CONFIG]: Loaded TOML config file E:\MCreator\Workspaces\mcrshorts\run\config\curios-client.toml
[20Jul2025 19:23:57.900] [modloading-sync-worker/DEBUG] [net.neoforged.fml.config.ConfigTracker/CONFIG]: Watching TOML config file E:\MCreator\Workspaces\mcrshorts\run\config\curios-client.toml for changes
[20Jul2025 19:23:57.900] [modloading-sync-worker/DEBUG] [net.neoforged.fml.config.ConfigTracker/CONFIG]: Loading configs type COMMON
[20Jul2025 19:23:57.901] [modloading-sync-worker/DEBUG] [net.neoforged.neoforge.common.NeoForgeConfig/FORGEMOD]: Loaded NeoForge config file neoforge-common.toml
[20Jul2025 19:23:57.901] [modloading-sync-worker/DEBUG] [net.neoforged.fml.config.ConfigTracker/CONFIG]: Loaded TOML config file E:\MCreator\Workspaces\mcrshorts\run\config\neoforge-common.toml
[20Jul2025 19:23:57.901] [modloading-sync-worker/DEBUG] [net.neoforged.fml.config.ConfigTracker/CONFIG]: Watching TOML config file E:\MCreator\Workspaces\mcrshorts\run\config\neoforge-common.toml for changes
[20Jul2025 19:23:57.902] [modloading-sync-worker/DEBUG] [net.neoforged.fml.config.ConfigTracker/CONFIG]: Loaded TOML config file E:\MCreator\Workspaces\mcrshorts\run\config\curios-common.toml
[20Jul2025 19:23:57.902] [modloading-sync-worker/DEBUG] [net.neoforged.fml.config.ConfigTracker/CONFIG]: Watching TOML config file E:\MCreator\Workspaces\mcrshorts\run\config\curios-common.toml for changes
[20Jul2025 19:23:57.902] [modloading-sync-worker/DEBUG] [net.neoforged.fml.config.ConfigTracker/CONFIG]: Loaded TOML config file E:\MCreator\Workspaces\mcrshorts\run\config\mcrshorts.toml
[20Jul2025 19:23:57.904] [modloading-sync-worker/DEBUG] [net.neoforged.fml.config.ConfigTracker/CONFIG]: Watching TOML config file E:\MCreator\Workspaces\mcrshorts\run\config\mcrshorts.toml for changes
[20Jul2025 19:23:58.253] [Render thread/INFO] [net.neoforged.neoforge.gametest.GameTestHooks/]: Enabled Gametest Namespaces: []
[20Jul2025 19:23:58.383] [Render thread/INFO] [net.minecraft.server.packs.resources.ReloadableResourceManager/]: Reloading ResourceManager: vanilla, mod_resources, mod/curios, mod/neoforge, mod/mcrshorts
[20Jul2025 19:23:58.514] [resourceLoad/INFO] [net.minecraft.client.gui.font.providers.UnihexProvider/]: Found unifont_jp_patch-16.0.01.hex, loading
[20Jul2025 19:23:58.514] [resourceLoad/INFO] [net.minecraft.client.gui.font.providers.UnihexProvider/]: Found unifont_all_no_pua-16.0.01.hex, loading
[20Jul2025 19:23:58.598] [Render thread/DEBUG] [net.neoforged.fml.DeferredWorkQueue/LOADING]: Dispatching synchronous work for work queue Common setup: 2 jobs
[20Jul2025 19:23:58.602] [Render thread/DEBUG] [net.neoforged.fml.DeferredWorkQueue/LOADING]: Synchronous work queue completed in 3.623 ms
[20Jul2025 19:23:58.770] [Render thread/DEBUG] [net.neoforged.fml.DeferredWorkQueue/LOADING]: Dispatching synchronous work for work queue Sided setup: 1 jobs
[20Jul2025 19:23:58.770] [Render thread/DEBUG] [net.neoforged.fml.DeferredWorkQueue/LOADING]: Synchronous work queue completed in 22.90 μs
[20Jul2025 19:23:59.836] [Render thread/INFO] [com.mojang.blaze3d.audio.Library/]: OpenAL initialized on device OpenAL Soft on 扬声器 (DH20 Gaming Headset)
[20Jul2025 19:23:59.838] [Render thread/INFO] [net.minecraft.client.sounds.SoundEngine/SOUNDS]: Sound engine started
[20Jul2025 19:23:59.894] [Render thread/INFO] [net.minecraft.client.renderer.texture.TextureAtlas/]: Created: 1024x512x2 minecraft:textures/atlas/blocks.png-atlas
[20Jul2025 19:23:59.897] [Render thread/INFO] [net.minecraft.client.renderer.texture.TextureAtlas/]: Created: 256x256x2 minecraft:textures/atlas/signs.png-atlas
[20Jul2025 19:23:59.898] [Render thread/INFO] [net.minecraft.client.renderer.texture.TextureAtlas/]: Created: 512x512x2 minecraft:textures/atlas/shield_patterns.png-atlas
[20Jul2025 19:23:59.898] [Render thread/INFO] [net.minecraft.client.renderer.texture.TextureAtlas/]: Created: 512x512x2 minecraft:textures/atlas/banner_patterns.png-atlas
[20Jul2025 19:23:59.899] [Render thread/INFO] [net.minecraft.client.renderer.texture.TextureAtlas/]: Created: 2048x1024x2 minecraft:textures/atlas/armor_trims.png-atlas
[20Jul2025 19:23:59.901] [Render thread/INFO] [net.minecraft.client.renderer.texture.TextureAtlas/]: Created: 128x64x2 minecraft:textures/atlas/decorated_pot.png-atlas
[20Jul2025 19:23:59.901] [Render thread/INFO] [net.minecraft.client.renderer.texture.TextureAtlas/]: Created: 256x256x2 minecraft:textures/atlas/chest.png-atlas
[20Jul2025 19:23:59.901] [Render thread/INFO] [net.minecraft.client.renderer.texture.TextureAtlas/]: Created: 512x256x2 minecraft:textures/atlas/shulker_boxes.png-atlas
[20Jul2025 19:23:59.901] [Render thread/INFO] [net.minecraft.client.renderer.texture.TextureAtlas/]: Created: 512x256x2 minecraft:textures/atlas/beds.png-atlas
[20Jul2025 19:23:59.903] [Render thread/INFO] [net.minecraft.client.renderer.texture.TextureAtlas/]: Created: 64x64x0 minecraft:textures/atlas/map_decorations.png-atlas
[20Jul2025 19:24:00.001] [Render thread/INFO] [net.minecraft.client.renderer.texture.TextureAtlas/]: Created: 512x256x0 minecraft:textures/atlas/particles.png-atlas
[20Jul2025 19:24:00.002] [Render thread/INFO] [net.minecraft.client.renderer.texture.TextureAtlas/]: Created: 512x256x0 minecraft:textures/atlas/paintings.png-atlas
[20Jul2025 19:24:00.002] [Render thread/INFO] [net.minecraft.client.renderer.texture.TextureAtlas/]: Created: 256x128x0 minecraft:textures/atlas/mob_effects.png-atlas
[20Jul2025 19:24:00.002] [Render thread/INFO] [net.minecraft.client.renderer.texture.TextureAtlas/]: Created: 1024x1024x0 minecraft:textures/atlas/gui.png-atlas
[20Jul2025 19:24:00.005] [Render thread/INFO] [net.neoforged.neoforge.client.entity.animation.json.AnimationLoader/]: Loaded 0 entity animations
[20Jul2025 19:24:09.270] [Render thread/INFO] [net.minecraft.world.item.crafting.RecipeManager/]: Loaded 1381 recipes
[20Jul2025 19:24:09.281] [Render thread/INFO] [net.minecraft.advancements.AdvancementTree/]: Loaded 1481 advancements
[20Jul2025 19:24:09.284] [Render thread/INFO] [net.neoforged.neoforge.common.crafting.RecipePriorityManager/]: Loaded 0 recipe priority overrides
[20Jul2025 19:24:09.349] [Render thread/DEBUG] [net.neoforged.neoforge.common.CommonHooks/WP]: Gathered mod list to write to world save 新的世界
[20Jul2025 19:24:09.396] [Server thread/INFO] [net.minecraft.client.server.IntegratedServer/]: Starting integrated minecraft server version 1.21.4
[20Jul2025 19:24:09.396] [Server thread/INFO] [net.minecraft.server.MinecraftServer/]: Generating keypair
[20Jul2025 19:24:09.462] [Server thread/DEBUG] [net.neoforged.fml.config.ConfigTracker/CONFIG]: Loading configs type SERVER
[20Jul2025 19:24:09.464] [Server thread/DEBUG] [net.neoforged.neoforge.common.NeoForgeConfig/FORGEMOD]: Loaded NeoForge config file neoforge-server.toml
[20Jul2025 19:24:09.464] [Server thread/DEBUG] [net.neoforged.fml.config.ConfigTracker/CONFIG]: Loaded TOML config file E:\MCreator\Workspaces\mcrshorts\run\config\neoforge-server.toml
[20Jul2025 19:24:09.464] [Server thread/DEBUG] [net.neoforged.fml.config.ConfigTracker/CONFIG]: Watching TOML config file E:\MCreator\Workspaces\mcrshorts\run\config\neoforge-server.toml for changes
[20Jul2025 19:24:09.464] [Server thread/DEBUG] [net.neoforged.fml.config.ConfigTracker/CONFIG]: Loaded TOML config file E:\MCreator\Workspaces\mcrshorts\run\config\curios-server.toml
[20Jul2025 19:24:09.464] [Server thread/DEBUG] [net.neoforged.fml.config.ConfigTracker/CONFIG]: Watching TOML config file E:\MCreator\Workspaces\mcrshorts\run\config\curios-server.toml for changes
[20Jul2025 19:24:09.502] [Server thread/INFO] [Curios API/]: Loaded 11 curio slots
[20Jul2025 19:24:09.503] [Server thread/INFO] [Curios API/]: Loaded 1 curio entities
[20Jul2025 19:24:09.793] [Server thread/INFO] [net.minecraft.server.MinecraftServer/]: Preparing start region for dimension minecraft:overworld
[20Jul2025 19:24:10.409] [progressListener/INFO] [net.minecraft.server.level.progress.LoggerChunkProgressListener/]: 准备生成区域中：0%
[20Jul2025 19:24:10.409] [progressListener/INFO] [net.minecraft.server.level.progress.LoggerChunkProgressListener/]: 准备生成区域中：0%
[20Jul2025 19:24:10.541] [Server thread/INFO] [net.neoforged.neoforge.server.permission.PermissionAPI/]: Successfully initialized permission handler neoforge:default_handler
[20Jul2025 19:24:10.553] [progressListener/INFO] [net.minecraft.server.level.progress.LoggerChunkProgressListener/]: Time elapsed: 758 ms
[20Jul2025 19:24:10.585] [Server thread/INFO] [net.minecraft.client.server.IntegratedServer/]: Changing view distance to 5, from 10
[20Jul2025 19:24:10.585] [Server thread/INFO] [net.minecraft.client.server.IntegratedServer/]: Changing simulation distance to 12, from 0
[20Jul2025 19:24:10.718] [Render thread/DEBUG] [io.netty.channel.MultithreadEventLoopGroup/]: -Dio.netty.eventLoopThreads: 64
[20Jul2025 19:24:10.746] [Render thread/DEBUG] [io.netty.util.concurrent.GlobalEventExecutor/]: -Dio.netty.globalEventExecutor.quietPeriodSeconds: 1
[20Jul2025 19:24:10.765] [Render thread/DEBUG] [io.netty.channel.nio.NioEventLoop/]: -Dio.netty.noKeySetOptimization: false
[20Jul2025 19:24:10.765] [Render thread/DEBUG] [io.netty.channel.nio.NioEventLoop/]: -Dio.netty.selectorAutoRebuildThreshold: 512
[20Jul2025 19:24:10.772] [Render thread/DEBUG] [io.netty.util.internal.PlatformDependent/]: org.jctools-core.MpscChunkedArrayQueue: available
[20Jul2025 19:24:10.874] [Render thread/DEBUG] [io.netty.channel.DefaultChannelId/]: -Dio.netty.processId: 17236 (auto-detected)
[20Jul2025 19:24:10.890] [Render thread/DEBUG] [io.netty.util.NetUtil/]: -Djava.net.preferIPv4Stack: false
[20Jul2025 19:24:10.890] [Render thread/DEBUG] [io.netty.util.NetUtil/]: -Djava.net.preferIPv6Addresses: system
[20Jul2025 19:24:10.899] [Render thread/DEBUG] [io.netty.util.NetUtilInitializations/]: Loopback interface: loopback_0 (Software Loopback Interface 1, 0:0:0:0:0:0:0:1)
[20Jul2025 19:24:10.902] [Render thread/DEBUG] [io.netty.util.NetUtil/]: Failed to get SOMAXCONN from sysctl and file \proc\sys\net\core\somaxconn. Default: 200
[20Jul2025 19:24:10.903] [Render thread/DEBUG] [io.netty.channel.DefaultChannelId/]: -Dio.netty.machineId: d8:43:ae:ff:fe:d9:0d:76 (auto-detected)
[20Jul2025 19:24:10.958] [Render thread/DEBUG] [io.netty.bootstrap.ChannelInitializerExtensions/]: -Dio.netty.bootstrap.extensions: null
[20Jul2025 19:24:10.996] [Render thread/DEBUG] [io.netty.util.Recycler/]: -Dio.netty.recycler.maxCapacityPerThread: 4096
[20Jul2025 19:24:10.996] [Render thread/DEBUG] [io.netty.util.Recycler/]: -Dio.netty.recycler.ratio: 8
[20Jul2025 19:24:10.996] [Render thread/DEBUG] [io.netty.util.Recycler/]: -Dio.netty.recycler.chunkSize: 32
[20Jul2025 19:24:10.996] [Render thread/DEBUG] [io.netty.util.Recycler/]: -Dio.netty.recycler.blocking: false
[20Jul2025 19:24:10.996] [Render thread/DEBUG] [io.netty.util.Recycler/]: -Dio.netty.recycler.batchFastThreadLocalOnly: true
[20Jul2025 19:24:11.135] [Netty Server IO #1/DEBUG] [net.neoforged.neoforge.network.filters.NetworkFilters/]: Injected net.neoforged.neoforge.network.filters.GenericPacketSplitter@2eedfb30 into net.minecraft.network.Connection@3afc043a
[20Jul2025 19:24:11.139] [Netty Local Client IO #0/DEBUG] [net.neoforged.neoforge.network.filters.NetworkFilters/]: Injected net.neoforged.neoforge.network.filters.GenericPacketSplitter@49ab3f47 into net.minecraft.network.Connection@aa86905
[20Jul2025 19:24:11.411] [Netty Server IO #1/DEBUG] [net.neoforged.neoforge.network.filters.NetworkFilters/]: Injected net.neoforged.neoforge.network.filters.GenericPacketSplitter@6b336acb into net.minecraft.network.Connection@3afc043a
[20Jul2025 19:24:11.452] [Server thread/INFO] [net.minecraft.server.players.PlayerList/]: Dev[local:E:ec8062a3] logged in with entity id 45 at (-259.49227107901777, 72.0, 4.595040226185239)
[20Jul2025 19:24:11.471] [Server thread/DEBUG] [net.neoforged.neoforge.common.CommonHooks/]: Sending 0 recipes of the following types: []
[20Jul2025 19:24:11.509] [Server thread/INFO] [net.minecraft.server.MinecraftServer/]: Dev加入了游戏
[20Jul2025 19:24:11.674] [Render thread/WARN] [net.minecraft.client.multiplayer.ClientPacketListener/]: Ignoring chat session from Dev due to missing Services public key
[20Jul2025 19:24:11.679] [Render thread/INFO] [net.minecraft.advancements.AdvancementTree/]: Loaded 167 advancements
[20Jul2025 19:24:19.094] [Server thread/INFO] [net.minecraft.client.server.IntegratedServer/]: Saving and pausing game...
[20Jul2025 19:24:19.117] [Server thread/INFO] [net.minecraft.server.MinecraftServer/]: Saving chunks for level 'ServerLevel[新的世界]'/minecraft:overworld
[20Jul2025 19:24:19.131] [Server thread/INFO] [net.minecraft.server.MinecraftServer/]: Saving chunks for level 'ServerLevel[新的世界]'/minecraft:the_end
[20Jul2025 19:24:19.132] [Server thread/INFO] [net.minecraft.server.MinecraftServer/]: Saving chunks for level 'ServerLevel[新的世界]'/minecraft:the_nether
[20Jul2025 19:24:19.133] [Server thread/DEBUG] [net.neoforged.neoforge.common.CommonHooks/WP]: Gathered mod list to write to world save 新的世界
[20Jul2025 19:25:09.143] [Server thread/INFO] [net.minecraft.client.server.IntegratedServer/]: Saving and pausing game...
[20Jul2025 19:25:09.162] [Server thread/INFO] [net.minecraft.server.MinecraftServer/]: Saving chunks for level 'ServerLevel[新的世界]'/minecraft:overworld
[20Jul2025 19:25:09.180] [Server thread/INFO] [net.minecraft.server.MinecraftServer/]: Saving chunks for level 'ServerLevel[新的世界]'/minecraft:the_end
[20Jul2025 19:25:09.180] [Server thread/INFO] [net.minecraft.server.MinecraftServer/]: Saving chunks for level 'ServerLevel[新的世界]'/minecraft:the_nether
[20Jul2025 19:25:09.182] [Server thread/DEBUG] [net.neoforged.neoforge.common.CommonHooks/WP]: Gathered mod list to write to world save 新的世界
[20Jul2025 19:25:09.654] [Server thread/INFO] [net.minecraft.server.network.ServerGamePacketListenerImpl/]: Dev lost connection: 连接中断
[20Jul2025 19:25:09.654] [Server thread/INFO] [net.minecraft.server.MinecraftServer/]: Dev退出了游戏
[20Jul2025 19:25:09.672] [Server thread/INFO] [net.minecraft.server.network.ServerCommonPacketListenerImpl/]: Stopping singleplayer server as player logged out
[20Jul2025 19:25:09.706] [Server thread/INFO] [net.minecraft.server.MinecraftServer/]: Stopping server
[20Jul2025 19:25:09.708] [Server thread/INFO] [net.minecraft.server.MinecraftServer/]: Saving players
[20Jul2025 19:25:09.708] [Server thread/INFO] [net.minecraft.server.MinecraftServer/]: Saving worlds
[20Jul2025 19:25:09.784] [Server thread/INFO] [net.minecraft.server.MinecraftServer/]: Saving chunks for level 'ServerLevel[新的世界]'/minecraft:overworld
[20Jul2025 19:25:09.845] [Server thread/INFO] [net.minecraft.server.MinecraftServer/]: Saving chunks for level 'ServerLevel[新的世界]'/minecraft:the_end
[20Jul2025 19:25:09.848] [Server thread/INFO] [net.minecraft.server.MinecraftServer/]: Saving chunks for level 'ServerLevel[新的世界]'/minecraft:the_nether
[20Jul2025 19:25:09.852] [Server thread/DEBUG] [net.neoforged.neoforge.common.CommonHooks/WP]: Gathered mod list to write to world save 新的世界
[20Jul2025 19:25:09.855] [Server thread/INFO] [net.minecraft.server.MinecraftServer/]: ThreadedAnvilChunkStorage (新的世界): All chunks are saved
[20Jul2025 19:25:09.855] [Server thread/INFO] [net.minecraft.server.MinecraftServer/]: ThreadedAnvilChunkStorage (DIM1): All chunks are saved
[20Jul2025 19:25:09.855] [Server thread/INFO] [net.minecraft.server.MinecraftServer/]: ThreadedAnvilChunkStorage (DIM-1): All chunks are saved
[20Jul2025 19:25:09.855] [Server thread/INFO] [net.minecraft.server.MinecraftServer/]: ThreadedAnvilChunkStorage: All dimensions are saved
[20Jul2025 19:25:09.872] [Server thread/DEBUG] [net.neoforged.fml.config.ConfigTracker/CONFIG]: Unloading configs type SERVER
[20Jul2025 19:25:10.305] [Render thread/INFO] [net.minecraft.client.Minecraft/]: Stopping!
